raw_id,source,event_date,date_header,section,entry_type,text,source_url,scraped_at,Keyword_score,
wt_0379,wikipedia_timeline,7/13/2026,13-Jul,,li,"State media reported that an American strike hit a water pumping station in Bandar-e Mahshahr , killing one person, injuring four others. Iran claimed that it hit fuel tanks and weapons storage facilities in Prince Hassan Air Base, igniting a fire on them. It described the strike as the first stage of its retaliation to American attacks on its coastal bases. Iran said that in separate incidents the IRGC Navy executed an operation overnight to stop two vessels it accused of violating regulations and endangering shipping in the Strait through disabling their systems. Iran claimed that it hit American military facilities and infrastructure in Juffair in ""second phase of retaliation"". Iran also stated that it hit American airbases including Ali Al Salem and destroyed radar systems in Oman. Isfahan province deputy governor said that one of those American strikes hit a military base in Nain , killing one person and injuring seven others. Trump announced that the US will reinstate the "" Iranian blockade in the Strait of Hormuz "" and impose a 20% toll on cargo shipping through the strait. According to Trump, ""The U.S.A. will be, from this point forward, known as 'THE GUARDIAN OF THE HORMUZ STRAIT.'"" Trump described it as a matter of fairness, claiming that the toll would cover ""any and all costs necessary to do the job of providing safety and security to this very volatile section of the world."" American led Combined Maritime Forces ' Joint Maritime Information Centre (JMIC) announced that the US naval blockade on Iran will start the following day. Trump formally informed the US Congress that the country has renewed hostilities against Iran. Trump declared that the US will hit Iran hard on that day and the next day, saying that the MoU was a test that the regime did not honor. Trump stated that the US could ""relatively soon"" destroy Pickaxe Mountain , Iran's heavily fortified underground site suspected of hosting a covert nuclear plant that experts believe is beyond the reach of the most powerful bunker buster bombs in the US arsenal . Iranian army stated that it aimed at a ""hostile"" American vessel using cruise missiles. The US announced that it hit military targets throughout Iran including Bushehr, Chabahar , Jask , Konarak , Abu Musa , and Bandar Abbas. Two Emirati tankers were reportedly struck by Iranian cruise missiles in the Strait in Oman's territorial waters, killing one Indian crew member and injuring 10 other Indian crews, two of them critically.",https://en.wikipedia.org/wiki/Timeline_of_the_2026_Iran_war#13_July,2026-07-17T02:45:35,6,
wt_0290,wikipedia_timeline,4/7/2026,7-Apr,,li,Trump said he agreed to a two-week ceasefire with Iran in exchange for the immediate reopening of the Strait of Hormuz .,https://en.wikipedia.org/wiki/Timeline_of_the_2026_Iran_war#7_April,2026-07-17T02:45:35,4,
wt_0306,wikipedia_timeline,4/12/2026,12-Apr,,li,"On his social media platform, Trump declared a naval blockade on the Strait of Hormuz, announcing that the US Navy will prevent ships from entering or exiting the Strait and intercept vessels that have paid tolls to Iran. United States Central Command announced that the blockade will be enforced on vessels of all nations entering or departing Iranian ports and coastal areas but ""will not impede freedom of navigation for vessels transiting the Strait of Hormuz to and from non-Iranian ports.""",https://en.wikipedia.org/wiki/Timeline_of_the_2026_Iran_war#12_April,2026-07-17T02:45:35,4,
wt_0374,wikipedia_timeline,7/7/2026,7-Jul,,li,"Iran reportedly launched at least two missiles at commercial vessels including Al Rekayyat, a liquefied natural gas tanker owned by Nakilat QGTS.QA, part of Qatari LNG industry in the Hormuz, causing significant damage. Iranian state TV reported that one of those vessels was struck after ignoring warning, without directly claiming responsibility. Qatar accused Iran of carrying the attack against its gas tanker, describing it as a clear violation of international law . On the same day, the UK military said that another tanker in the Hormuz was hit by an unidentified projectile. Americans announced that they revoked Iran oil sale and production deal in retaliation to the alleged Iranian attacks. Saudis condemned alleged Iranian attacks against one of their tankers and the Qatari tanker. Iran accused the US of violating the memorandum that ended the war with restoration of the oil sanctions.",https://en.wikipedia.org/wiki/Timeline_of_the_2026_Iran_war#7_July,2026-07-17T02:45:35,4,
wt_0381,wikipedia_timeline,7/15/2026,15-Jul,,li,"Trump threatened that the US will target Iranian power plants and bridges next week if negotiations are not pursued by the Iranian regime. He suggested that while a ground campaign may be necessary, there are others who could conduct it for the US.  He stated he would authorize a seizure of Kharg Island only after US air and missile strikes have severely damaged Iran's coastal defenses and retaliatory capabilities. CENTCOM commander Admiral Brad Cooper said that Iran had deliberately attacked seven commercial vessels in the last week resulting in ""nearly a dozen"" civilian crews being killed, wounded or going missing. CENTCOM said that the US reinstated naval blockade on Iran ports, hit dozens of military sites in the vicinity of Hormuz the day before. Iran said that it targeted US sites in Jordan, Kuwait and Bahrain. IRIB reported that an American attack hit a wheat storage silo in Hoveyzeh . Kuwait said that Iranian attacks struck one of its navy ships , wounding four soldiers. On the same day, CENTCOM stated that the US military conducted another series of strikes on coastal defense systems and cruise missile storage and launch sites on Greater Tunb Island ""to further degrade military capabilities Iranian forces have used to attack commercial shipping in the Strait of Hormuz"". An Iranian drone attacked a warehouse in Al Shuaiba in Kuwait the day before, with Kuwait stating several vital and civilian facilities were targeted by Iran. Iran claimed the facility in was a logistics and supply hub for American forces in the West Asia. The US said that it redirected two commercial ships after restarting the naval blockade. American officials stated that recent US strikes on Iran are aimed at military abilities that may need to be neutralised before further sophisticated operations against the Iranian regime. The US announced that it carried out additional strikes on Iran. CENTCOM stated that the US military disabled an unladen oil tanker trying to sail to a port in Iran by firing hellfire missiles into its funnel .",https://en.wikipedia.org/wiki/Timeline_of_the_2026_Iran_war#15_July,2026-07-17T02:45:35,4,
wt_0117,wikipedia_timeline,3/12/2026,12-Mar,Other developments,p,"The first statement attributed to Iran's new Supreme Leader Mojtaba Khamenei was read in Iranian state media by a newsreader. In the statement, Mojtaba Khamenei vowed to keep the Strait of Hormuz closed and warned countries in the region to stop hosting US bases.",https://en.wikipedia.org/wiki/Timeline_of_the_2026_Iran_war#12_March,2026-07-17T02:45:35,3,
wt_0126,wikipedia_timeline,3/14/2026,14-Mar,Other developments,p,"Trump called on several nations to send warships to help secure the Strait of Hormuz amid the Iranian closure, expressing hopes that the UK , France, China , South Korea, and Japan, would support this international effort.",https://en.wikipedia.org/wiki/Timeline_of_the_2026_Iran_war#14_March,2026-07-17T02:45:35,3,
wt_0238,wikipedia_timeline,4/1/2026,1-Apr,,li,"US president Donald Trump delivered a speech stating the war's objectives were ""nearing completion,"" projecting it could last a few more weeks, and threatening to bomb Iran ""back to the stone age "" if it did not agree to reopen the Strait of Hormuz and ease disruptions to global energy markets.",https://en.wikipedia.org/wiki/Timeline_of_the_2026_Iran_war#1_April,2026-07-17T02:45:35,3,
wt_0304,wikipedia_timeline,4/11/2026,11-Apr,,li,"Trump said that American forces started "" clearing "" the Strait of Hormuz . Iran claimed that an American vessel on way to the strait turned back after warning. The Wall Street Journal reported that several US Navy destroyers entered the Strait of Hormuz for the first time since the war began. A US official described the event as an ""operation that focused on freedom of navigation through International waters"". Iranian government reportedly threatened to attack the ships, accusing US of ceasefire violation. US Central Command said the ships are taking part in mine clearance operations.",https://en.wikipedia.org/wiki/Timeline_of_the_2026_Iran_war#11_April,2026-07-17T02:45:35,3,
wt_0311,wikipedia_timeline,4/16/2026,16-Apr,,li,"China's foreign minister Wang Yi told his Iranian counterpart, that opening the Strait of Hormuz was of ""unanimous interest"".",https://en.wikipedia.org/wiki/Timeline_of_the_2026_Iran_war#16_April,2026-07-17T02:45:35,3,
wt_0312,wikipedia_timeline,4/17/2026,17-Apr,,li,Iranian foreign minister announced that passage of commercial vessels through the Strait of Hormuz would be permitted during the truce in Lebanon.,https://en.wikipedia.org/wiki/Timeline_of_the_2026_Iran_war#17_April,2026-07-17T02:45:35,3,
wt_0317,wikipedia_timeline,4/19/2026,19-Apr,,li,"The US intercepted an Iranian cargo ship in the Strait of Hormuz. Iran claimed this was a 'ceasefire violation' and promised a response. Iran retaliated against the seizure by firing drones at US ships, although no damage was reported.",https://en.wikipedia.org/wiki/Timeline_of_the_2026_Iran_war#19_April,2026-07-17T02:45:35,3,
wt_0332,wikipedia_timeline,5/6/2026,6-May,,li,"President Trump temporary stopped the US military's ""Project Freedom"" operation to reopen the Strait of Hormuz, citing ""great progress"" at a potential deal with Iran. Trump added that the operation will be halted for ""a short period"" to determine whether a ""complete and final agreement"" with Iran could be achieved.",https://en.wikipedia.org/wiki/Timeline_of_the_2026_Iran_war#6_May,2026-07-17T02:45:35,3,
wt_0334,wikipedia_timeline,5/7/2026,7-May,,li,"The US said that it carried out strikes on Iranian military sites in Bandar Abbas and Qeshm Island in response to an earlier combined missile, drone, and small boat attack on American destroyers crossing the Strait of Hormuz. Iran accused the US of violating the truce by targeting an Iranian oil tanker and another vessel. It also claimed that the US air strikes hit civilian areas in Qeshm Island, and coastal areas in its vicinity in Bandar Khamir and Sirik . The military said it targeted American military vessels east of the Strait of Hormuz and south of the Chabahar Port in response to these events.",https://en.wikipedia.org/wiki/Timeline_of_the_2026_Iran_war#7_May,2026-07-17T02:45:35,3,
wt_0365,wikipedia_timeline,6/11/2026,11-Jun,,li,"Iran declared the indefinite closure of the Strait of Hormuz and says that it fired at communication antennas and radar facilities of US 5th Fleet, American military bases in Kuwait and Bahrain and an American command center in Jordan in response to the US attacks.",https://en.wikipedia.org/wiki/Timeline_of_the_2026_Iran_war#11_June,2026-07-17T02:45:35,3,
wt_0369,wikipedia_timeline,6/21/2026,21-Jun,,li,"Five known ships pass through the Strait of Hormuz, down from 26 ships the previous day, amidst the re-closure.",https://en.wikipedia.org/wiki/Timeline_of_the_2026_Iran_war#21_June,2026-07-17T02:45:35,3,
wt_0380,wikipedia_timeline,7/14/2026,14-Jul,,li,"Iran claimed that it destroyed Patriot radar, American air control radar and early warning radar in Bahrain. Iran also stated that it aimed at an American airbase in Jordan using its ballistic missiles, urging Jordanians to dismantle US bases in their nation. ""You know very well that not only do we ⁠not have any enmity with your country, but ‌we ⁠also love you, ‌the noble people, who understand the pain and ⁠oppression of the Palestinian people more than any other nation,"" ‌the statement stated. Iranian media reported that the country saved a tanker's non-Iranian crew after collision of vessels in the strait. British military stated that an ""unknown projectile"" hit an oil tanker off Omani coast in the vicinity of the strait. Fars News reported that overnight American attacks in Hormozgan province killed three people. Trump cancelled plans to impose fees in the strait. The IMO said that death toll from Hormuz ship attacks on that day increased to two.",https://en.wikipedia.org/wiki/Timeline_of_the_2026_Iran_war#14_July,2026-07-17T02:45:35,3,
wt_0022,wikipedia_timeline,3/1/2026,1-Mar,Iranian attacks,p,"During drone operations in the Strait of Hormuz, the port of Duqm in Oman was reportedly hit by two drones, injuring one expatriate worker. Oman's Maritime Security Centre confirmed that an oil tanker which was Palau -flagged, named Skylight , had been targeted 5 nautical miles (9.3 km) north of the port of Khasab , causing four injuries amongst the Indian-Iranian crew present on the vessel. The Marshall Islands -flagged tanker MKD VYOM was damaged after being struck off the coast of Oman, killing one crew member. As a result of the conflict and higher risk to ships, 150 freight ships, including many oil tankers, stalled behind the strait.",https://en.wikipedia.org/wiki/Timeline_of_the_2026_Iran_war#1_March,2026-07-17T02:45:35,2,
wt_0039,wikipedia_timeline,3/2/2026,2-Mar,Iranian attacks,p,The IRGC claimed a drone strike on the Honduras-flagged tanker Athe Nova in the Strait of Hormuz.,https://en.wikipedia.org/wiki/Timeline_of_the_2026_Iran_war#2_March,2026-07-17T02:45:35,2,
wt_0063,wikipedia_timeline,3/4/2026,4-Mar,Iranian attacks,p,IRGCN NEDSA Navy stated they blew up 10 commercial vessels that were attempting to travel through the Strait of Hormuz ; one other vessel was hit by bomb near Port Muscat city.,https://en.wikipedia.org/wiki/Timeline_of_the_2026_Iran_war#4_March,2026-07-17T02:45:35,2,
wt_0067,wikipedia_timeline,3/4/2026,4-Mar,Cyprus,p,"Hellenic Air Force F-16 fighters downed multiple Iranian Shahed drones near Cyprus . Larnaca International Airport was temporarily closed in response. Reports suggested a closure of Cypriot airspace, but it was later dismissed as false by the Cypriot government. A ballistic missile was intercepted by NATO forces in Turkey in Dörtyol , Hatay Province , with a statement after interception stating that Turkey reserved the right to defend its territory and that the ordnance had fallen in its territory. No casualties were reported by the statement. A senior US military official said that it had been shot down by an SM-3 interceptor launched from USS Oscar Austin . An anonymous Turkish official stated that the missile was directed towards ""Greek Cyprus"". Non-essential American workers in Cyprus were asked to evacuate the country due to the risks of a possible Iranian incursion in the future. After, the US State Department issued a travel advisory for Cyprus during the current crisis. In an emergency meeting in Rome , Prime Minister of Italy Giorgia Meloni and other Italian officials considered sending reinforcement to Cyprus after the deployment by other European nations (Greece, France, Germany and the United Kingdom), specifically considering the deployment of the destroyer Caio Duilio as a possibility (with capability up to 350 kilometers).",https://en.wikipedia.org/wiki/Timeline_of_the_2026_Iran_war#4_March,2026-07-17T02:45:35,2,
wt_0086,wikipedia_timeline,3/7/2026,7-Mar,Iranian retaliation,p,"The IRGC said that it attacked the Malta-flagged oil tanker Prima with a drone after ""ignoring repeated warnings from the IRGC Navy regarding the prohibition of traffic and the unsafe nature of the Strait of Hormuz"".",https://en.wikipedia.org/wiki/Timeline_of_the_2026_Iran_war#7_March,2026-07-17T02:45:35,2,
wt_0110,wikipedia_timeline,3/11/2026,11-Mar,Iranian strikes,p,"The bulk carrier Mayuree Naree (IMO 9323649) was hit by two missiles shortly after passing the Strait of Hormuz . The vessel caught fire and most of the crew abandoned ship. Marshall Islands-flagged bulk carrier Star Gwyneth (IMO 9301031) and Japan-flagged container vessel One Majesty (IMO 9424912) were also reported to have been damaged by unknown projectiles in the vicinity of the Strait. The spokesperson of the Iraqi armed forces, Lieutenant General Saad Maan , said that two foreign vessels were hit near the port of Al-Faw , one person was killed while 35 people were rescued.",https://en.wikipedia.org/wiki/Timeline_of_the_2026_Iran_war#11_March,2026-07-17T02:45:35,2,
wt_0125,wikipedia_timeline,3/14/2026,14-Mar,Iranian strikes,p,"Indian tankers Shivalik and Nanda Devi , carrying a combined 92,700 metric tons of liquefied natural gas , pass safely through the Strait of Hormuz after talks between foreign minister of India Subrahmanyam Jaishankar and foreign minister of Iran Abbas Araghchi .",https://en.wikipedia.org/wiki/Timeline_of_the_2026_Iran_war#14_March,2026-07-17T02:45:35,2,
wt_0135,wikipedia_timeline,3/16/2026,16-Mar,Other items,li,Tehran said the Strait of Hormuz is open to all except the US and its allies.,https://en.wikipedia.org/wiki/Timeline_of_the_2026_Iran_war#16_March,2026-07-17T02:45:35,2,
wt_0196,wikipedia_timeline,3/28/2026,28-Mar,,li,"Iranian president Masoud Pezeshkian reportedly clashed with IRGC chief-commander Ahmad Vahidi over how the war was being conducted; he also warned that without a ceasefire, Iran's economy could collapse within three to four weeks. He criticized the IRGC's attacks on neighboring countries and called for restoration of executive powers to the civilian government.",https://en.wikipedia.org/wiki/Timeline_of_the_2026_Iran_war#28_March,2026-07-17T02:45:35,2,
wt_0199,wikipedia_timeline,3/28/2026,28-Mar,,li,"The British navy sends the RFA Lyme Bay , an amphibius ship fitted with mine-hunting drones to the Straits of Hormuz.",https://en.wikipedia.org/wiki/Timeline_of_the_2026_Iran_war#28_March,2026-07-17T02:45:35,2,
wt_0200,wikipedia_timeline,3/28/2026,28-Mar,,li,Iran agreed to allow 20 more Pakistani-flagged ships to transit Strait of Hormuz; Islamabad confirmed it.,https://en.wikipedia.org/wiki/Timeline_of_the_2026_Iran_war#28_March,2026-07-17T02:45:35,2,
wt_0251,wikipedia_timeline,4/3/2026,3-Apr,,li,"A US A-10 Warthog crashed into the Persian Gulf , near the Strait of Hormuz . The pilot was rescued. [ needs update ]",https://en.wikipedia.org/wiki/Timeline_of_the_2026_Iran_war#3_April,2026-07-17T02:45:35,2,
wt_0261,wikipedia_timeline,4/4/2026,4-Apr,,li,"Iran claimed that it struck the container ship MSC Ishyka with a drone in the Strait of Hormuz, alleging that it was linked to Israel. The attack was not independently verified.",https://en.wikipedia.org/wiki/Timeline_of_the_2026_Iran_war#4_April,2026-07-17T02:45:35,2,
wt_0310,wikipedia_timeline,4/15/2026,15-Apr,,li,Donald Trump declared he is permanently opening the Strait of Hormuz.,https://en.wikipedia.org/wiki/Timeline_of_the_2026_Iran_war#15_April,2026-07-17T02:45:35,2,
wt_0313,wikipedia_timeline,4/18/2026,18-Apr,,li,Iran said that it reasserted control of Hormuz as a result of the US refusing to lift its naval blockade .,https://en.wikipedia.org/wiki/Timeline_of_the_2026_Iran_war#18_April,2026-07-17T02:45:35,2,
wt_0314,wikipedia_timeline,4/18/2026,18-Apr,,li,UKMTO reported two Iranian gunboats opened fire on a tanker that tried to pass through the Strait of Hormuz.,https://en.wikipedia.org/wiki/Timeline_of_the_2026_Iran_war#18_April,2026-07-17T02:45:35,2,
wt_0319,wikipedia_timeline,4/22/2026,22-Apr,,li,"Iranian Revolutionary Guards gunboats engaged three container vessels, the Epaminodes (IMO 9153862), Euphoria (IMO 9235828) and MSC-Francesca (IMO 9401116) in the Strait of Hormuz. Epaminodes and MSC-Francesca were seized and escorted to the coast of Iran, claiming safety violations. Euphoria reported heavy damage to the bridge by gun and rocketfire from Iranian gunboats.",https://en.wikipedia.org/wiki/Timeline_of_the_2026_Iran_war#22_April,2026-07-17T02:45:35,2,
wt_0324,wikipedia_timeline,5/3/2026,3-May,,li,Trump announced that the US will help free up ships in the Strait of Hormuz beginning the next morning.,https://en.wikipedia.org/wiki/Timeline_of_the_2026_Iran_war#3_May,2026-07-17T02:45:35,2,
wt_0325,wikipedia_timeline,5/4/2026,4-May,,li,"US Central Command announced two US-flagged ships, coming from the Gulf, passed the Strait of Hormuz unchallenged, while two US warships passed from the east.",https://en.wikipedia.org/wiki/Timeline_of_the_2026_Iran_war#4_May,2026-07-17T02:45:35,2,
wt_0326,wikipedia_timeline,5/4/2026,4-May,,li,"Two civilian ship reported attacks near the Strait of Hormuz, South Korean container vessel HMM Namu was damaged near Umm Al Quwain , while a tanker reported an incident near Dubai.",https://en.wikipedia.org/wiki/Timeline_of_the_2026_Iran_war#4_May,2026-07-17T02:45:35,2,
wt_0327,wikipedia_timeline,5/4/2026,4-May,,li,Iranian state media claimed that the Iran's navy launched two missiles and hit an US naval frigate in the Strait of Hormuz. US Central Command denied that the projectiles struck the vessel.,https://en.wikipedia.org/wiki/Timeline_of_the_2026_Iran_war#4_May,2026-07-17T02:45:35,2,
wt_0328,wikipedia_timeline,5/4/2026,4-May,,li,American forces reportedly destroyed six or seven small Iranian boats in the Strait of Hormuz during a clash. The boats were destroyed after they allegedly tried to interfere with the transit of two US flagged commercial vessels and two Navy destroyer vessels ( USS Truxtun and USS Mason ).,https://en.wikipedia.org/wiki/Timeline_of_the_2026_Iran_war#4_May,2026-07-17T02:45:35,2,
wt_0329,wikipedia_timeline,5/4/2026,4-May,,li,"UAE officials state that Iran attacked the oil Industry Zone in the port of Fujairah with drones, setting several storage tanks on fire and injuring several workers. Four missiles were also launched by Iran according to the UAE, but those were destroyed. The Fujairah port is used to export oil without having to use the Strait of Hormuz. Omani officials also reported Iranian strikes in their territory.",https://en.wikipedia.org/wiki/Timeline_of_the_2026_Iran_war#4_May,2026-07-17T02:45:35,2,
wt_0331,wikipedia_timeline,5/5/2026,5-May,,li,"The CMA CGM line stated that one of their freighters, CMA GGM San Antonio , was attacked in the Strait of Hormuz late on 5 May. Several crewmembers were injured and were evacuated for treatment.",https://en.wikipedia.org/wiki/Timeline_of_the_2026_Iran_war#5_May,2026-07-17T02:45:35,2,
wt_0358,wikipedia_timeline,6/7/2026,7-Jun,,li,"Israeli forces did strike the southern suburbs of Lebanon's capital Beirut. Lebanese ⁠state media said that an Israeli strike in the southern suburbs of Beirut killed two people and wounded 11 others. The IDF said that it targeted Hezbollah infrastructure after the group fired towards northern Israel. The same day, Iran said that American bases and Israeli assets in Middle East are legitimate targets due to the American naval blockade against the country and Israeli strikes on Beirut 's southern suburbs, where neighborhoods that Hezbollah members live in are located. Iran later launched ballistic missiles towards Israel. Israel said that it downed all the missiles. Iran said that it targeted Ramat David Airbase . Israel said that it will retaliate ""forcefully"" to the alleged Iranian violation of the truce. The next day, the IDF announced that it struck military sites in central and western Iran, with explosions being reported in Tehran, Isfahan, and Tabriz. This triggered an exchange of strikes between the two countries. The Houthis also joined the strikes. Two Iranian soldiers were killed in an Israeli attack. Iran later says that it had ceased military actions against Israel. Israel later announces that it stopped Iran strikes at President Trump's request.",https://en.wikipedia.org/wiki/Timeline_of_the_2026_Iran_war#7_June,2026-07-17T02:45:35,2,
wt_0364,wikipedia_timeline,6/10/2026,10-Jun,,li,"Drinking water facilities in Bemani , near the Strait of Hormuz, were damaged amid precision US strikes near the Strait. A local official reported that some 20,000 people lost access to water.",https://en.wikipedia.org/wiki/Timeline_of_the_2026_Iran_war#10_June,2026-07-17T02:45:35,2,
wt_0368,wikipedia_timeline,6/21/2026,21-Jun,,li,The first talks between the U.S and Iran since the signing of the Islamabad Memorandum are held at the Bürgenstock Resort in Switzerland . The talks were mediated by Pakistan and Qatar .,https://en.wikipedia.org/wiki/Timeline_of_the_2026_Iran_war#21_June,2026-07-17T02:45:35,2,
wt_0370,wikipedia_timeline,6/26/2026,26-Jun,,li,"Trump accused Iran of violating the truce with US by launching drone attacks on ships in the Hormuz. CENTCOM later announced that in retaliation to the alleged truce violations, the US hit Iranian missile and drone storage facilities, as well as coastal radar stations. Iran later stated it targeted American sites in the Gulf region in response to the attack.",https://en.wikipedia.org/wiki/Timeline_of_the_2026_Iran_war#26_June,2026-07-17T02:45:35,2,
wt_0375,wikipedia_timeline,7/8/2026,8-Jul,,li,"The US Central Command announced that the US struck over 80 Iranian targets including air defense systems , coastal radar sites and dozens of IRGC small boats to degrade Iranian capability to disrupt international maritime trade using precision munitions in retaliation to alleged Iranian truce violations. Iran said that it shot down an American MQ-9 drone in southern Iran. On the same day, Iran announced that it targeted 85 American military targets in Bahrain, Kuwait in retaliation to alleged truce breaches. Iran later added that it targeted an American base in Bahrain. IRGC Navy announced that one of its soldiers was killed in a US drone attack. The same day, Trump declared that the MOU with Iran is ""over"" and he did not want to continue dealing with the Iranian regime, which he referred to as “sick people.” He emphasized the need to ""rid their cancer,"" advocating for early intervention akin to cutting out cancer. Trump later stated that US negotiators can continue negotiations, although he expressed pessimism about the outcome. Iranian state media announced that eight service members from the country's army were killed in American attacks, adding that they served in the air force and ⁠ navy and died because of attacks ‌in ⁠ Bandar Abbas and Bushehr . Mehr News Agency reported that the US attacks killed two Iranian fishermen. The US Central Command announced that it hit roughly 90 Iranian military targets, including air defense systems, coastal surveillance assets, missile and drone storage facilities, naval capabilities, and military logistics infrastructure along the country's coastline.",https://en.wikipedia.org/wiki/Timeline_of_the_2026_Iran_war#8_July,2026-07-17T02:45:35,2,
wt_0377,wikipedia_timeline,7/11/2026,11-Jul,,li,The IRGC navy said that it closed the Strait until further notice after firing a warning shot at a vessel trying to transit through an unapproved route.,https://en.wikipedia.org/wiki/Timeline_of_the_2026_Iran_war#11_July,2026-07-17T02:45:35,2,
wt_0378,wikipedia_timeline,7/12/2026,12-Jul,,li,"The US Central Command said that the Iranian attack significantly damaged a Cyprus-flagged container vessel and a crew member went missing. The Central Command added it struck roughly 140 military targets in Iran after the attack. The UAE announced interception of Iranian attacks and Qatar declared that it shot down an Iranian attack. The IRGC reported US attacks on several bases and communication towers along the country's southern coast. It claimed that Iran responded by targeting and destroying drone hangars and a command and control center at Prince Hassan Air Base . It also claimed that it struck and destroyed a fighter jet maintenance center ⁠and command and control facility at Al Udeid Air Base , destroyed logistical support centers and refueling stations for US aircraft carriers at the Duqm Port , aimed at an American communications system and radar site in Bahrain, struck and disabled another vessel ‌in the Strait and attacked a U.S. military radar facility in Kuwait. Qatar announced that three people were injured, including a child, by falling shrapnel following Iranian attacks. Oman stated that drones aimed at Musandam Governorate . The Indian Ministry of External Affairs confirmed that one Indian national went missing after one of those Iranian attacks. Semi-official media reported that a service member from the Islamic Republic of Iran Navy was killed in a US attack in Jask port . CENTCOM declared that the Strait is ""open to all vessels"" and  ""Iran does not control"" it. Iran reaffirmed its position that the Strait remains blocked to shipping, blaming ""illegal movements"" by US military. Fars News Agency reported that Iran fired three ballistic missiles at the Al Mina area in Kuwait and the firing facility of the American ATCAM missiles. Kuwait Armed Forces announced that three Kuwaiti border centers were struck in one of those Iranian attacks, causing damage, adding that an offshore drilling platform owned by the Kuwait Oil Company was struck by an Iranian drone, causing material damage and the wounding of one employee. CENTCOM announced that it conducted additional strikes on dozens of Iranian targets over attacks against vessels to further degrade the regime's capability to attack civilian sailors and commercial ships in the Strait. The US forces used suicide drone boats in combat for the first time to strike an Iranian submarine and ship maintenance facility in Bandar Abbas Naval Base.",https://en.wikipedia.org/wiki/Timeline_of_the_2026_Iran_war#12_July,2026-07-17T02:45:35,2,
wt_0382,wikipedia_timeline,7/15/2026,15-Jul,,li,"The Wall Street Journal reported, citing US officials, that Trump is mulling increasing US military operations in Iran after receiving days of briefings from key aides. Options include expanding airstrikes on more targets in Iran, including energy sites; sending American soldiers to invade Kharg Island and other territories near the strait; and attacking a tunnel network at Pickaxe Mountain, a fortified facility that could be used for covert nuclear operations.",https://en.wikipedia.org/wiki/Timeline_of_the_2026_Iran_war#15_July,2026-07-17T02:45:35,2,
wt_0003,wikipedia_timeline,2/28/2026,28-Feb,Israeli–US strikes,p,"At 06:35 UTC, CENTCOM announced that it ""and partner forces"" had begun airstrikes against Iran. US warships launched Tomahawk missiles , while the US Army used HIMARS launchers. Undisclosed long-range standoff weapons were also used. The US military stated that it used B-2 stealth bombers , as well as B-1 Lancers and B-52 Stratofortresses , to strike fortified ballistic missile facilities inside Iran. At 06:45 UTC, [ citation needed ] the Israeli Air Force began an unprecedented wave of decapitation strikes . Supreme Leader Ali Khamenei and several high officials (attending three meetings at his residential compound) were killed, as were members of his family. The United States Navy , United States Air Force and United States Marine Corps focused primarily on command-and-control infrastructure, missiles, UAV sites, and radar installations.",https://en.wikipedia.org/wiki/Timeline_of_the_2026_Iran_war#28_February,2026-07-17T02:45:35,1,
wt_0025,wikipedia_timeline,3/1/2026,1-Mar,Iranian attacks,p,"Riyadh was again hit by direct strikes. A Saudi oil refinery was closed after being targeted by Iranian drones. Around 15:30 UTC, Saudi Arabia claimed that it had shot down missiles fired at Prince Sultan Airbase and King Khalid International Airport .",https://en.wikipedia.org/wiki/Timeline_of_the_2026_Iran_war#1_March,2026-07-17T02:45:35,1,
wt_0033,wikipedia_timeline,3/1/2026,1-Mar,Other developments,p,The spokesperson for the Iraqi prime minister condemned the assassination of Ali Khamenei and declared three days of mourning for him.,https://en.wikipedia.org/wiki/Timeline_of_the_2026_Iran_war#1_March,2026-07-17T02:45:35,1,
wt_0036,wikipedia_timeline,3/2/2026,2-Mar,Iranian attacks,p,"Iran launched more strikes against the Gulf States. Explosions were reported in Dubai, Abu Dhabi, and Doha. Smoke rose from the US embassy in Kuwait , which was subsequently closed indefinitely. According to Kuwait News Agency, an oil refinery was hit by shrapnel. Iran carried out attacks targeting energy infrastructure in Qatar. Iranian drones struck Qatar's liquefied natural gas (LNG) facilities, halting production. In addition, missiles and drones were launched at sites in Qatar, including the Al Udeid Air Base and industrial facilities. Qatari forces said they intercepted many of these. US-flagged tanker Stena Imperative was hit by projectiles off Bahrain, causing a fire that was extinguished. In Bahrain, sirens had sounded across the country. Falling debris from an intercepted missile on a ""foreign ship"" in Salman industrial zone resulted in the death of a worker and serious injuries to two others. An Iranian strike targeted Mina Salman port, causing a fire. UAE officials claimed to have downed 148 Iranian drones, nine ballistic missiles, and half a dozen cruise missiles.",https://en.wikipedia.org/wiki/Timeline_of_the_2026_Iran_war#2_March,2026-07-17T02:45:35,1,
wt_0048,wikipedia_timeline,3/3/2026,3-Mar,US–Israeli attacks in Iran,p,"IRIB Tehran HQ was bombed second day in row and switched to Telewebion IP internet streaming TV. Old Mirdamad St., the historic imperial Senate of Iran and the current seat of the Assembly of Experts was bombed, as was the Expediency Discernment Council building. The IDF said that it destroyed a covert nuclear site, and killed one of the commanders of the IRGC, as well as the commander of the Quds Force's Lebanon branch, in Tehran. The IDF announced that it had destroyed the Supreme National Security Council (SNSC) headquarters, along with command-and-control infrastructure and the president's office, noting that it targeted ""the regime's most central and significant headquarters"". Golestan Palace , a UNESCO World Heritage Site , was hit by debris from an Israeli-US airstrike, causing some damage including to the Brilliant Hall and the Marble Throne . The Ministry of Cultural Heritage, Tourism and Handicrafts officially asked UNESCO to evaluate the situation, and UNESCO issued a statement, noting that damaging UNESCO property is against international laws. The Iranian Red Crescent Society raised the number killed to 787.",https://en.wikipedia.org/wiki/Timeline_of_the_2026_Iran_war#3_March,2026-07-17T02:45:35,1,
wt_0049,wikipedia_timeline,3/3/2026,3-Mar,US–Israeli attacks in Iran,p,"In southern Iran, Bushehr Airport was targeted in a precision strike that resulted in the total destruction of an Iran Air Airbus A319 (EP-IEP) parked on the tarmac. The Mehr News Agency reported significant structural damage to the airport terminal. The proximity of the strikes to the Bushehr Nuclear Power Plant (About 12 km (7.5 mi) away) prompted the Russian agency Rosatom to suspend construction on new units and evacuate non-essential staff due to a loss of communication with Iranian officials.",https://en.wikipedia.org/wiki/Timeline_of_the_2026_Iran_war#3_March,2026-07-17T02:45:35,1,
wt_0053,wikipedia_timeline,3/3/2026,3-Mar,Iranian attacks,p,"In the early hours of the day, sirens were activated in Bahrain as the government called for residents to stay safe. Bahrain reported 74 successfully intercepted missiles and 92 drones since 28 February. Amazon Web Services were targeted across the Gulf states causing significant damages in their facilities located in the UAE and Bahrain. The UAE detected numerous missiles heading from Iran 3:30 a.m. local time (23:30 GMT). An Iranian attack on the UAE's Fujairah Oil Industry Zone caused debris to fall and start a fire. The US Consulate in Al Seef , Dubai was struck by multiple drones, resulting in a fire. An attack on Hamad International Airport was stopped by Qatari forces.",https://en.wikipedia.org/wiki/Timeline_of_the_2026_Iran_war#3_March,2026-07-17T02:45:35,1,
wt_0054,wikipedia_timeline,3/3/2026,3-Mar,Iranian attacks,p,"The US embassy in Riyadh was struck by two Iranian drones, causing a fire and prompting its closure. The CIA headquarters in Riyadh was reportedly hit by a drone and later in the night the kingdom downed nine drones as soon as they entered Saudi airspace. Iran launched strikes against Irbil , Iraq. The Islamic Resistance in Iraq also claimed responsibility for explosions in Erbil.",https://en.wikipedia.org/wiki/Timeline_of_the_2026_Iran_war#3_March,2026-07-17T02:45:35,1,
wt_0064,wikipedia_timeline,3/4/2026,4-Mar,Iranian attacks,p,"The IRGC Aerospace Force launched an attack on the Port of Fujairah , Dubai, UAE with ballistic missiles. Drones attacked Sulaymaniyah , Iraqi Kurdistan . IRGC Ground Forces attacked Kuwait and Erbil with large amount of drones. An 11-year-old girl was killed in Kuwait after being hit by shrapnel. At 13:45 UTC , Bahrain was attacked by Iranian missiles. The Qatari Ministry of Defense said that Al Udeid Air Base , which has been described as ""the largest American base in the Middle East"" was hit with no casualties.",https://en.wikipedia.org/wiki/Timeline_of_the_2026_Iran_war#4_March,2026-07-17T02:45:35,1,
wt_0089,wikipedia_timeline,3/7/2026,7-Mar,Other developments,p,Kuwait Petroleum Corporation declared force majeure and began cutting its oil output by an unspecified amount.,https://en.wikipedia.org/wiki/Timeline_of_the_2026_Iran_war#7_March,2026-07-17T02:45:35,1,
wt_0103,wikipedia_timeline,3/9/2026,9-Mar,Other developments,p,"By 9 March, shipping insurance rates for the strait were reported to have increased by four to six times over the previous week.",https://en.wikipedia.org/wiki/Timeline_of_the_2026_Iran_war#9_March,2026-07-17T02:45:35,1,
wt_0139,wikipedia_timeline,3/17/2026,17-Mar,Other developments,p,"US director of the National Counterterrorism Center Joe Kent resigned over the war, stating that he believed that Iran did not pose an imminent threat to the US and that Donald Trump was induced to take action by Israel and its lobby in the US.",https://en.wikipedia.org/wiki/Timeline_of_the_2026_Iran_war#17_March,2026-07-17T02:45:35,1,
wt_0140,wikipedia_timeline,3/18/2026,18-Mar,US–Israeli strikes,p,"An Israeli strike hit Russia-Iran weapons transport route in the Caspian Sea. Esmaeil Khatib , Iran's Minister of Intelligence , was assassinated during overnight Israeli strikes in Tehran. Multiple explosions were reported in the early morning hours. Targets included naval zones and major port facilities, including areas around Shahid Bahonar and Shahid Rajaee ports, as well as near an oil terminal in Bandar Abbas. A strong explosion shook Ahvaz in the Zeytoun Karmandi area. An early-morning blast was reported in Songhor, a town close to the Iraqi border, while another explosion was heard near Kazerun in southern Iran. West of Tehran, multiple blasts occurred in Malard over a short time span. In Fardis , US–Israeli strikes targeted a helicopter manufacturing facility in the Naz industrial district. Fath Army Base in Karaj was hit by strikes, as were the town's welfare offices, rehabilitation center for persons with disabilities, and residential areas. Police stations in Qom and Bandar Lengeh were also hit.",https://en.wikipedia.org/wiki/Timeline_of_the_2026_Iran_war#18_March,2026-07-17T02:45:35,1,
wt_0142,wikipedia_timeline,3/18/2026,18-Mar,Iranian strikes,p,"Iranian missiles hit Qatar's Ras Laffan Industrial City , causing fires and significant damage to the gas facility. Qatar responded by banning the Iranian embassy's military attaches from its territory. Fragments from an Iranian missile interception damaged three private jets at Ben Gurion Airport . A missile attack killed three Palestinians and injured 13 in Beit Awwa , West Bank, and killed a foreign worker in Adanim .",https://en.wikipedia.org/wiki/Timeline_of_the_2026_Iran_war#18_March,2026-07-17T02:45:35,1,
wt_0143,wikipedia_timeline,3/18/2026,18-Mar,Other developments,p,"The International Maritime Organization (IMO) held an extraordinary session regarding humanitarian passage for the 20,000 seafarers stranded on 3,200 vessels (both figures approximate) west of the strait. On 18 March, thousands of civilians joined a funeral procession for Ali Larijani.",https://en.wikipedia.org/wiki/Timeline_of_the_2026_Iran_war#18_March,2026-07-17T02:45:35,1,
wt_0149,wikipedia_timeline,3/20/2026,20-Mar,Iranian strikes,p,"After Iran launched nine ballistic missiles towards Jerusalem, reports indicated that at least three of the missiles were equipped with cluster munition warheads. The strikes caused damage to residential structures and resulted in minor injuries among several civilians. Debris from an intercepted missile fell within the Old City of Jerusalem , approximately 400 metres (1,300 ft) from the Western Wall and the Al-Aqsa Mosque compound on the Temple Mount . No injuries were reported.",https://en.wikipedia.org/wiki/Timeline_of_the_2026_Iran_war#20_March,2026-07-17T02:45:35,1,
wt_0152,wikipedia_timeline,3/21/2026,21-Mar,Iranian strikes,p,"Three drone strikes targeted an American diplomatic and logistics hub which houses troops in Baghdad International Airport . Later, a strike in a military base in Tuz Khurmatu killed a Hashed Al-Shaabi fighter and injured another. Iranian missile fragments hit a kindergarten in Tel Aviv. Later, an Iranian missile strike collapsed a building in Dimona , injuring 64 people, including one child critically. Iran said that it targeted Shimon Peres Negev Nuclear Research Center in response to the strikes on Natanz and Bushehr . A strike in Arad wounded 116 people, seven seriously.",https://en.wikipedia.org/wiki/Timeline_of_the_2026_Iran_war#21_March,2026-07-17T02:45:35,1,
wt_0172,wikipedia_timeline,3/26/2026,26-Mar,US–Israeli strikes,li,"The Lebanese health ministry announced that the death toll from Israeli attacks in Lebanon since the start of the invasion had risen to 1,116.",https://en.wikipedia.org/wiki/Timeline_of_the_2026_Iran_war#26_March,2026-07-17T02:45:35,1,
wt_0234,wikipedia_timeline,4/1/2026,1-Apr,,li,"A claim by Donald Trump that the Iranian president asked for a ceasefire was rejected by Iran as ""false and baseless"".",https://en.wikipedia.org/wiki/Timeline_of_the_2026_Iran_war#1_April,2026-07-17T02:45:35,1,
wt_0239,wikipedia_timeline,4/2/2026,2-Apr,,li,"The IDF said that it struck an IRGC Ground Forces base and mobile command centers in Tehran. Two US strikes on the Karaj B1 bridge between Tehran and Karaj , which was described as the highest bridge in the Middle East, reportedly killed eight people and caused it to collapse.",https://en.wikipedia.org/wiki/Timeline_of_the_2026_Iran_war#2_April,2026-07-17T02:45:35,1,
wt_0255,wikipedia_timeline,4/3/2026,3-Apr,,li,Emirates Global Aluminium reported that an Iranian attack on its plant in Abu Dhabi caused significant damage and may take up to a year to restore its full production.,https://en.wikipedia.org/wiki/Timeline_of_the_2026_Iran_war#3_April,2026-07-17T02:45:35,1,
wt_0262,wikipedia_timeline,4/4/2026,4-Apr,,li,"An airstrike hit the Iranian side of the Shalamcheh border crossing, killing an Iraqi citizen and seriously injuring five others. Iraq closed the crossing in response.",https://en.wikipedia.org/wiki/Timeline_of_the_2026_Iran_war#4_April,2026-07-17T02:45:35,1,
wt_0291,wikipedia_timeline,4/7/2026,7-Apr,,li,"Pakistani Prime Minister Shehbaz Sharif announced an immediate ceasefire ""everywhere, including Lebanon and elsewhere"".",https://en.wikipedia.org/wiki/Timeline_of_the_2026_Iran_war#7_April,2026-07-17T02:45:35,1,
wt_0292,wikipedia_timeline,4/8/2026,8-Apr,,li,Israeli prime minister Benjamin Netanyahu announced on social media that the ceasefire does not include Lebanon.,https://en.wikipedia.org/wiki/Timeline_of_the_2026_Iran_war#8_April,2026-07-17T02:45:35,1,
wt_0296,wikipedia_timeline,4/8/2026,8-Apr,,li,Iranian media said that Iran paused Hormuz traffic over Israeli attacks in Lebanon.,https://en.wikipedia.org/wiki/Timeline_of_the_2026_Iran_war#8_April,2026-07-17T02:45:35,1,
wt_0297,wikipedia_timeline,4/8/2026,8-Apr,,li,Masoud Pezeshkian said the ceasefire with the United States was broken as Lavan and Siri islands were bombed.,https://en.wikipedia.org/wiki/Timeline_of_the_2026_Iran_war#8_April,2026-07-17T02:45:35,1,
wt_0298,wikipedia_timeline,4/8/2026,8-Apr,,li,"Donald Trump claimed after the Israeli air assault on Lebanon, that the Pakistani Prime Minister's announcement of the peace deal was wrong and Israeli interpretation of the deal was correct and Lebanon was excluded. Iranian news agency Tasnim on the other hand reported that Iran will withdraw from the agreement if Israel attacks on Lebanon continue. US vice president JD Vance stated that there had been a ""legitimate misunderstanding"" about the inclusion of Lebanon, with Israel having promised to hold back a bit in Lebanon to help with the negotiations, but it was not part of the ceasefire.",https://en.wikipedia.org/wiki/Timeline_of_the_2026_Iran_war#8_April,2026-07-17T02:45:35,1,
wt_0302,wikipedia_timeline,4/9/2026,9-Apr,,li,"The 40th-day commemoration of the passing of the former leader of the Islamic Republic of Iran, Ali Khamenei, was held with the participation of people and groups of mourners from inside and outside the country.",https://en.wikipedia.org/wiki/Timeline_of_the_2026_Iran_war#9_April,2026-07-17T02:45:35,1,
wt_0307,wikipedia_timeline,4/13/2026,13-Apr,,li,"According to Donald Trump, the US Naval blockade of Iran was due to start at 13 April 10:00 a.m. ET (02:00 p.m. UTC).",https://en.wikipedia.org/wiki/Timeline_of_the_2026_Iran_war#13_April,2026-07-17T02:45:35,1,
wt_0318,wikipedia_timeline,4/21/2026,21-Apr,,li,Donald Trump extended the Iran truce to allow time for an Iranian proposal to be submitted at Pakistan's request.,https://en.wikipedia.org/wiki/Timeline_of_the_2026_Iran_war#21_April,2026-07-17T02:45:35,1,
wt_0320,wikipedia_timeline,4/23/2026,23-Apr,,li,Trump ordered the US Navy to destroy any Iranian boats laying mines in the Hormuz.,https://en.wikipedia.org/wiki/Timeline_of_the_2026_Iran_war#23_April,2026-07-17T02:45:35,1,
wt_0321,wikipedia_timeline,4/23/2026,23-Apr,,li,President Trump announced that Israel and Lebanon agreed to a three-week extension of the ceasefire .,https://en.wikipedia.org/wiki/Timeline_of_the_2026_Iran_war#23_April,2026-07-17T02:45:35,1,
wt_0333,wikipedia_timeline,5/6/2026,6-May,,li,US Central Command stated that US aircraft used cannon fire to disable the rudder on the Iranian tanker MT Hasna because it had tried to break the blockade and reach Iran.,https://en.wikipedia.org/wiki/Timeline_of_the_2026_Iran_war#6_May,2026-07-17T02:45:35,1,
wt_0339,wikipedia_timeline,5/8/2026,8-May,,li,US Central Command reported it fired on and disabled Iranian tankers MT Sea Star III and MT Sevda running the blockade.,https://en.wikipedia.org/wiki/Timeline_of_the_2026_Iran_war#8_May,2026-07-17T02:45:35,1,
wt_0350,wikipedia_timeline,5/25/2026,25-May,,li,"The US Central Command reported ""self-defense"" strikes on Iran, saying that the ceasefire is still in place, with several Iranian soldiers reportedly killed. Qatari news broadcaster Al Jazeera reported that unnamed Iranian sources informed them, that the IRGC targeted a ship at sea before the US attacks.",https://en.wikipedia.org/wiki/Timeline_of_the_2026_Iran_war#25_May,2026-07-17T02:45:35,1,
wt_0366,wikipedia_timeline,6/11/2026,11-Jun,,li,Iranian attacks hit a key radar station on Bahrains highest mountain Jabal al Dukhan . Press research done by the Neue Zürcher Zeitung from mid June confirmed that the installation had been damaged.,https://en.wikipedia.org/wiki/Timeline_of_the_2026_Iran_war#11_June,2026-07-17T02:45:35,1,
wt_0371,wikipedia_timeline,6/27/2026,27-Jun,,li,"The US military announced it struck Iranian military surveillance infrastructure, communication systems, air defense sites, drone storage facilities, and minelayer capabilities at the commander-in-chief 's direction in retaliation to an alleged Iranian attack against a ship in the Hormuz.",https://en.wikipedia.org/wiki/Timeline_of_the_2026_Iran_war#27_June,2026-07-17T02:45:35,1,
wt_0376,wikipedia_timeline,7/9/2026,9-Jul,,li,"The IRGC said that it targeted two American bases in Kuwait and two in Bahrain. On the same day, Trump said that Iran contacted him and they want to make an agreement. The same day, the Iranian army said that it targeted American military sites in Kuwait, Qatar and Bahrain. Iran's Health Ministry said that 14 people were killed and 78 others were injured in American attacks in Iran. Iran accused the US of targeting civilian railway bridges in its strikes and described the Trump administration as ""evil and psychopathic."" Fars News Agency reported that the targeted bridges include a bridge on the China-Russia trade corridor in Golestan province , making it one of the deepest US strikes inside Iran since the war began, extending the target list beyond military sites in the south to trade infrastructure that the Iranian regime has relied on to circumvent sanctions and maintain overland links with China and Russia. Iranian media reported explosions in Bushehr , claiming the area around the nuclear power plant was affected. American officials denied the claim, raising chance of involvement by a Gulf state. Iran said that it targeted Muwaffaq Salti Air Base . Iran also conducted drone strikes against an Iranian-Kurdish rebel group in the vicinity of Erbil, Iraq. Iranian state media reported that three IRGC soldiers were killed in the American attacks.",https://en.wikipedia.org/wiki/Timeline_of_the_2026_Iran_war#9_July,2026-07-17T02:45:35,1,
wt_0383,wikipedia_timeline,7/16/2026,16-Jul,,li,"A spokesperson for the Iranian regime's top unified military command stated that the regime will ""target all infrastructure in the region"" if Trump ""follows through with his threats of attacking Iranian infrastructure."" Three sources told Reuters that the Iranian regime has urged the Houthis to stop the Red Sea oil route through Bab el-Mandeb if the US attack Iranian power network, posing a significant new danger to global energy supply.",https://en.wikipedia.org/wiki/Timeline_of_the_2026_Iran_war#16_July,2026-07-17T02:45:35,1,
wt_0384,wikipedia_timeline,7/16/2026,16-Jul,,li,"The White House maintained that Iran is still in talks with the US and hopes to negotiate an agreement. CENTCOM stated that the US carried out strikes on targets farther north of Iran, adding that the strikes were designed to ""further degrade Iranian military capabilities."" That same day, the Iranian regime's judiciary dismissed Trump's claim that an American prisoner arrested during the Biden administration in 2024 was released or exchanged.",https://en.wikipedia.org/wiki/Timeline_of_the_2026_Iran_war#16_July,2026-07-17T02:45:35,1,
wt_0001,wikipedia_timeline,2/27/2026,27-Feb,,li,"United States ambassador to Israel Mike Huckabee emails embassy staff that if they want to leave, they should ""do so TODAY""",https://en.wikipedia.org/wiki/Timeline_of_the_2026_Iran_war#27_February,2026-07-17T02:45:35,0,0
wt_0002,wikipedia_timeline,2/27/2026,27-Feb,,li,20:38 UTC – US president Donald Trump gives the order to proceed with Operation Epic Fury.,https://en.wikipedia.org/wiki/Timeline_of_the_2026_Iran_war#27_February,2026-07-17T02:45:35,0,
wt_0004,wikipedia_timeline,2/28/2026,28-Feb,Israeli–US strikes,p,"The Fars News Agency and CNN reported more explosions across other cities in Iran, including Qom , Kermanshah , Isfahan , and Karaj . In Tehran, missile strikes were reported to have occurred on University Street, in the Jomhouri area, and in the northern Seyed Khandan area. At 07:15 UTC, The Shajareh Tayyebeh girls' elementary school in Minab , Iran, was struck by a missile. Iranian media reported 180 killed. A sports hall in Lamerd was bombed during a girls' practice, killing at least 18 civilians, according to witnesses and Iranian state media. The IRGC reported that the port city of Bushehr had also been struck; however, it was unclear whether the nuclear reactor had sustained any damage. Rafael Mariano Grossi, the UN nuclear watchdog chief stated that no evidence has been found that nuclear facilities have been hit from these attacks.",https://en.wikipedia.org/wiki/Timeline_of_the_2026_Iran_war#28_February,2026-07-17T02:45:35,0,
wt_0005,wikipedia_timeline,2/28/2026,28-Feb,Israeli–US strikes,p,"Israel warned Iranian civilians residing near military industries and infrastructure to evacuate immediately, stating ""Your presence in these areas puts your life at risk."" Low-cost one-way attack drones (reverse-engineered from the Iranian Shahed 136 ) of Task were used for the first time in combat. The attacks also used about 200 Israeli fighter jets, in the largest combat sortie in Israel's history, and the newly developed Black Sparrow air-launched ballistic missile, fired from F-15s.",https://en.wikipedia.org/wiki/Timeline_of_the_2026_Iran_war#28_February,2026-07-17T02:45:35,0,
wt_0006,wikipedia_timeline,2/28/2026,28-Feb,Israeli–US strikes,p,"A spokesperson for the Iraqi Popular Mobilization Forces says that two of its fighters had been killed while three more had been injured during strikes in Jurf al-Sakhar , south of Baghdad .",https://en.wikipedia.org/wiki/Timeline_of_the_2026_Iran_war#28_February,2026-07-17T02:45:35,0,
wt_0007,wikipedia_timeline,2/28/2026,28-Feb,Iranian strikes,p,"Beginning at 09:05 UTC, Iran launched ballistic missiles towards Israel and several Gulf states in retaliation to the American and Israeli strikes. At 09:26 UTC, a missile struck the USN Fifth Fleet service center in Bahrain . At 10:15 UTC, missile strikes were confirmed in Israel. The IDF estimated that about 170 ballistic missiles had been launched by Iran. [ failed verification ] Strikes were reported in Haifa and Tel Aviv . A strike on a residential area in Tel Aviv killed a civilian woman in her forties and injured 27 others.",https://en.wikipedia.org/wiki/Timeline_of_the_2026_Iran_war#28_February,2026-07-17T02:45:35,0,
wt_0008,wikipedia_timeline,2/28/2026,28-Feb,Iranian strikes,p,The IRGC said that Iran had targeted four US bases in the Middle East: Al Udeid Air Base in Qatar; Ali Al Salem Air Base in Kuwait (which also hosted Italian soldiers); Al Dhafra Air Base in the UAE; and the US Navy Fifth Fleet headquarters in Bahrain.,https://en.wikipedia.org/wiki/Timeline_of_the_2026_Iran_war#28_February,2026-07-17T02:45:35,0,
wt_0009,wikipedia_timeline,2/28/2026,28-Feb,Iranian strikes,p,"Bahrain activated air-raid sirens to warn of an Iranian attack on US military bases within the nation, with Arabic media saying explosions and smoke were seen in the capital, Manama .",https://en.wikipedia.org/wiki/Timeline_of_the_2026_Iran_war#28_February,2026-07-17T02:45:35,0,
wt_0010,wikipedia_timeline,2/28/2026,28-Feb,Iranian strikes,p,"Explosions were reported at Kuwait International Airport and Abu Dhabi in the United Arab Emirates . There were missile and drone attacks on Kuwait. Saudi Arabia confirmed that there had been Iranian attacks on Riyadh and Eastern Province . It claimed to have successfully intercepted Iranian attacks aimed at those areas and said that the Kingdom will ""take all necessary measures"" to defend itself, ""including the option of responding to aggression"". Residential areas of Dubai in the proximity of the Burj Khalifa , Dubai Marina and the Dubai Palm were hit by strikes, setting the Fairmont The Palm hotel on fire and causing four injuries; a residential building on the outskirts of Doha was also hit. Local sources said Iran used Shahed drones , which are among the weapons most used by Iran and its proxies, including Hamas and Hezbollah. The UAE said that it had intercepted a ""new wave"" of Iranian missiles and that ""fragments from the interceptions"" had fallen in Abu Dhabi and Dubai, causing damage to Burj Al Arab . Strikes on Kuwait International Airport caused several undefined injuries. In Bahrain, during the evening a tower in a residential area was reported to be hit by an Iranian drone.",https://en.wikipedia.org/wiki/Timeline_of_the_2026_Iran_war#28_February,2026-07-17T02:45:35,0,
wt_0011,wikipedia_timeline,2/28/2026,28-Feb,Iranian strikes,p,"The UAE stated that it had successfully intercepted a number of Iranian missiles and that one Asian national had been killed by interceptor debris which had fallen on a residential area. Qatar says that it had intercepted at least two waves of missile attacks, stating that no casualties or property damage had been reported.",https://en.wikipedia.org/wiki/Timeline_of_the_2026_Iran_war#28_February,2026-07-17T02:45:35,0,
wt_0012,wikipedia_timeline,2/28/2026,28-Feb,Iranian strikes,p,"In the Kurdistan Region of Iraq , Iranian aerial attacks targeted infrastructure hosting US military and civilian personnel, including Erbil International Airport and the US Consulate General in Erbil . According to local media reports, most missiles and drones were intercepted.",https://en.wikipedia.org/wiki/Timeline_of_the_2026_Iran_war#28_February,2026-07-17T02:45:35,0,
wt_0013,wikipedia_timeline,2/28/2026,28-Feb,Iranian strikes,p,Jordan said that its military had shot down two Iranian ballistic missiles targeting its territory and that it had handled 54 reports of falling debris that caused material damage but no casualties.,https://en.wikipedia.org/wiki/Timeline_of_the_2026_Iran_war#28_February,2026-07-17T02:45:35,0,
wt_0014,wikipedia_timeline,2/28/2026,28-Feb,Other developments,p,"Israel also conducted coordinated cyberattacks on Iranian infrastructure, media, and phone apps with messages calling on Iranians to rise up against their government. The popular BadeSaba Calendar prayer app, with over 5 million downloads, was compromised in the attack, being hacked early that morning to broadcast push notifications in Persian urging military personnel and citizens to defect, lay down weapons, and join opposition forces with messages such as ""Help has arrived"" and ""It's time for reckoning.""",https://en.wikipedia.org/wiki/Timeline_of_the_2026_Iran_war#28_February,2026-07-17T02:45:35,0,
wt_0015,wikipedia_timeline,2/28/2026,28-Feb,Other developments,p,"Israel declared a state of emergency , citing expectation of an Iranian attack. Sirens blared in Israel as the government warned its citizens to remain in protected areas. The Israeli Ministry of Health moved its hospital operations underground. Israel called up 20,000 reservists in addition to the 50,000 already on duty.",https://en.wikipedia.org/wiki/Timeline_of_the_2026_Iran_war#28_February,2026-07-17T02:45:35,0,
wt_0016,wikipedia_timeline,2/28/2026,28-Feb,Other developments,p,"After the missile and drone attacks on Kuwait, its foreign ministry summoned Mohammad Toutounchi, Iran's ambassador in Kuwait.",https://en.wikipedia.org/wiki/Timeline_of_the_2026_Iran_war#28_February,2026-07-17T02:45:35,0,
wt_0017,wikipedia_timeline,2/28/2026,28-Feb,Other developments,p,"During the American-Israeli attacks on a primary school in Minab (Iran), 6 of the killed ones were gymnasts, including: Reza Habashi, Arina Arabkish, Atena Ahmadzadeh, Makan Nasiri , and Araz Ahmadizadeh.",https://en.wikipedia.org/wiki/Timeline_of_the_2026_Iran_war#28_February,2026-07-17T02:45:35,0,
wt_0018,wikipedia_timeline,3/1/2026,1-Mar,US–Israeli attacks in Iran,p,"HRANA reported 72 strikes in 20 provinces, and at least 6 civilians killed and 4 injured. Targets hit included 15 military or security bases and facilities, 7 pieces of civilian infrastructure, 5 hospitals and emergency bases and two residential/educational facilities. Israel executed another wave of strikes against Iran, aiming at central Tehran. The USAF flew B-2 Bombers to attack hardened ballistic missile facilities with 2,000 pound bombs. USN F/A-18s and USMC F-35s, aided by Tomahawk missiles were also employed along with Lucas drones . CENTCOM declared that it was instructed to ""dismantle the Iranian regime's security apparatus."" CENTCOM declared that it was instructed to ""dismantle the Iranian regime's security apparatus."" Israel and the United States launched strikes against targets in Tehran, Sanandaj, and military and strategic locations including command centers and missile sites. The Israel Defense Forces says that it bombed an F-4 and an F-5 fighter jet preparing to take off from a runway, and the HQ-9 B system around Tehran was inactivated. The Tehran Revolutionary Court was bombed and destroyed. Explosions are also reported near the Azadi Stadium , Azadi Square , and Milad Tower . The Iranian Red Crescent Society reported explosions near hospitals in Tehran , as well as near its Peace Building. The IDF declared that it had levelled Iran's internal security services' Thar-Allah Headquarters . Mohammad Baseri , an official in the ministry of intelligence, and Gholamreza Rezaian , the head of the intelligence department of FARAJA police, were both killed in strikes on Iran. At least 5 people were killed by strikes on residential areas in the Absardar region.",https://en.wikipedia.org/wiki/Timeline_of_the_2026_Iran_war#1_March,2026-07-17T02:45:35,0,
wt_0019,wikipedia_timeline,3/1/2026,1-Mar,Iranian attacks,p,"Iran launched retaliatory missile and drone strikes against Israel, UAE, Qatar, Kuwait, Bahrain, Jordan, and Saudi Arabia. [ better source needed ] Iran claimed to have shot down an American MQ-9 Reaper drone. The IRGC claimed that it struck USS Abraham Lincoln with four missiles, which was later denied by a US official. On 1 or 2 March, Iran struck the radar bases for US THAAD missile defense systems in Jordan, the UAE and Saudi Arabia, destroying at least one of them.",https://en.wikipedia.org/wiki/Timeline_of_the_2026_Iran_war#1_March,2026-07-17T02:45:35,0,
wt_0020,wikipedia_timeline,3/1/2026,1-Mar,Iranian attacks,p,"An Iranian missile breached Israeli defences and hit a synagogue and homes in Beit Shemesh , killing nine people and injuring 65. Towards the end of the day, an Iranian ballistic missile hit an area of Jerusalem , causing property damage in the surrounding road, damaging a civilian vehicle and wounding six people.",https://en.wikipedia.org/wiki/Timeline_of_the_2026_Iran_war#1_March,2026-07-17T02:45:35,0,
wt_0021,wikipedia_timeline,3/1/2026,1-Mar,Iranian attacks,p,"Missiles from Iran were fired at Fifth Fleet headquarters in Bahrain. [ better source needed ] An Iranian drone hit the Crowne Plaza Hotel in Manama, Bahrain , causing a fire. Witnesses saw smoke from missile intercepts over Dubai and dark plumes rising from the Port of Jebel Ali , United Arab Emirates. In Abu Dhabi a drone was intercepted near the Etihad Towers complex, near the Israeli embassy. Upon being intercepted its debris damaged the towers and caused minor injuries to a woman and her child. The French naval base Camp de la Paix was reportedly struck by Iran. Two Iranian drones targeted a warehouse at Al-Salam Naval Base causing a fire in two containers storing general materials. Around 02:30 UTC, an Amazon Web Services data center within the UAE was ""impacted by objects that struck"" it, resulting in ""sparks and fire"". Reuters reported that this resulted in a complete power cut and shutdown of the center with the involvement of local fire department crews, leading to a temporary connectivity outage of the availability zone impacted.",https://en.wikipedia.org/wiki/Timeline_of_the_2026_Iran_war#1_March,2026-07-17T02:45:35,0,
wt_0023,wikipedia_timeline,3/1/2026,1-Mar,Iranian attacks,p,Iranian attacks killed one person and injured 32 in Kuwait.,https://en.wikipedia.org/wiki/Timeline_of_the_2026_Iran_war#1_March,2026-07-17T02:45:35,0,
wt_0024,wikipedia_timeline,3/1/2026,1-Mar,Iranian attacks,p,"UK military officials said an RAF Typhoon shot down an Iranian drone bound for Qatari airspace. At about 22:00 UTC: a series of loud blasts were recorded in Doha, and continued to be heard hours later.",https://en.wikipedia.org/wiki/Timeline_of_the_2026_Iran_war#1_March,2026-07-17T02:45:35,0,
wt_0026,wikipedia_timeline,3/1/2026,1-Mar,Iranian attacks,p,"An explosion occurred near the Erbil Airport after an attack by Iraqi militia drones. Debris from an unidentified missile fell in Ain Tarma , Syria, causing some damage and injuries. [ unreliable source ]",https://en.wikipedia.org/wiki/Timeline_of_the_2026_Iran_war#1_March,2026-07-17T02:45:35,0,
wt_0027,wikipedia_timeline,3/1/2026,1-Mar,Iranian attacks,p,"Around 00:20 UTC, the Royal Air Force station at Akrotiri , Cyprus, was targeted by a suspected drone strike, setting off air raid sirens across Akrotiri and Dhekelia . Five drones are reportedly intercepted although one managed to hit the airfield, causing minor damage. The British military automated alert system stated that there was an ""ongoing security threat"", and the UK Ministry of Defence claimed that ""the base has responded"" to the attack. This was later confirmed by Cypriot authorities. The drones were launched before the UK allowed the US to use its military bases for operations against Iran. UK defence secretary John Healey said that he did not believe they were under attack. Defence Minister of Cyprus Vasilis Palmas denied that missiles were launched at Cyprus, and Prime Minister Keir Starmer affirmed this.",https://en.wikipedia.org/wiki/Timeline_of_the_2026_Iran_war#1_March,2026-07-17T02:45:35,0,
wt_0028,wikipedia_timeline,3/1/2026,1-Mar,Other developments,p,"Iran's top security official, Ali Larijani , announced a temporary leadership council after the death of Ali Khamenei . He warned ""secessionist groups"" of severe consequences if they take action.",https://en.wikipedia.org/wiki/Timeline_of_the_2026_Iran_war#1_March,2026-07-17T02:45:35,0,
wt_0029,wikipedia_timeline,3/1/2026,1-Mar,Other developments,p,Crown Prince Mohammed bin Salman of Saudi Arabia authorized military force against further Iranian incursions.,https://en.wikipedia.org/wiki/Timeline_of_the_2026_Iran_war#1_March,2026-07-17T02:45:35,0,
wt_0030,wikipedia_timeline,3/1/2026,1-Mar,Other developments,p,"To avert further Iranian strikes, the E3 (the UK, France, and Germany) resolved to back, if needed, ""proportionate military defensive measures"" against drones and ballistic missiles. British prime minister Keir Starmer announces approval of US use of British bases for ""defensive"" strikes on Iran.",https://en.wikipedia.org/wiki/Timeline_of_the_2026_Iran_war#1_March,2026-07-17T02:45:35,0,
wt_0031,wikipedia_timeline,3/1/2026,1-Mar,Other developments,p,The EU announced the expansion of Operation Aspides in response to increased requests for protection from commercial vessels.,https://en.wikipedia.org/wiki/Timeline_of_the_2026_Iran_war#1_March,2026-07-17T02:45:35,0,
wt_0032,wikipedia_timeline,3/1/2026,1-Mar,Other developments,p,"State media reported gatherings in Enqelab Square , in Tehran, Iran, on 1 March.",https://en.wikipedia.org/wiki/Timeline_of_the_2026_Iran_war#1_March,2026-07-17T02:45:35,0,
wt_0034,wikipedia_timeline,3/2/2026,2-Mar,US–Israeli attacks in Iran,p,"HRANA reported 56 strikes in 13 provinces, and at least 85 civilians killed, 5 civilians wounded and 11 military personnel killed. 579 casulaties remained unclassified and under review. Targets hit included law enforcement and border guard command centers in Sanandaj, an airbase in Isfahan, an army base and residential buildings in Tehran, a mosque in Mehrshahr, the governor's office in Rey, and Shahid Bahonar Pier in Bandar Abbas.",https://en.wikipedia.org/wiki/Timeline_of_the_2026_Iran_war#2_March,2026-07-17T02:45:35,0,
wt_0035,wikipedia_timeline,3/2/2026,2-Mar,US–Israeli attacks in Iran,p,"The Iranian Red Crescent reported 555 people killed. [ page needed ] Israel launched strikes on targets in Tehran and Sanandaj, hitting military and strategic locations including command centers and missile sites. Satellite images taken by Vantor on 1 and 2 March were made public, which showed that Iran's Natanz Nuclear Facility in Isfahan , Iran, had sustained damage. Subsequently, the International Atomic Energy Agency (IAEA) confirmed that satellite imagery showed that entrance buildings at Natanz were damaged, but no radiological consequence was expected and no additional impact had been detected at the fuel enrichment plant itself. The Khatam-al-Anbia and Gandhi hospitals in Tehran were hit by strikes. The USAF hit military aircraft and drone launchers, including multiple F-14 Tomcats at airbases across Iran. The IDF said that it hit dozens of command sites and other targets at night in Tehran, including ten belonging to the Ministry of Intelligence and one belonging to the Quds Force . Later attacks hit the Islamic Republic of Iran Broadcasting headquarters in Evin , Tehran. According to Al Arabiya, Israeli special forces and Mossad operatives carried out a ground operation inside Iran; no details of the operation were reported.",https://en.wikipedia.org/wiki/Timeline_of_the_2026_Iran_war#2_March,2026-07-17T02:45:35,0,
wt_0037,wikipedia_timeline,3/2/2026,2-Mar,Iranian attacks,p,"A refining facility was damaged in Aramco 's Ras Tanura in Saudi Arabia, causing a contained fire. It was initially believed to be caused by a drone attack, but Saudi officials stated it was debris from an intercepted Iranian missile, and Iran denied it had targeting the facility. All staff members at the US–Jordanian embassy were evacuated ""due to a threat"". Two drones targeted the US Victory Base near Baghdad International Airport , one of which reportedly struck the base. There were reports of explosions in Erbil , Kurdistan Region , Iraq. A pro-Iran group called the "" Guardians of the Blood Brigade "" stated they were behind these two attacks, and claimed they were in retaliation for Khamenei's assassination. The Islamic Resistance in Iraq claimed responsibility for over 23 drone strikes on US assets in Erbil.",https://en.wikipedia.org/wiki/Timeline_of_the_2026_Iran_war#2_March,2026-07-17T02:45:35,0,
wt_0038,wikipedia_timeline,3/2/2026,2-Mar,Iranian attacks,p,"In Cyprus, Paphos International Airport was evacuated upon the detection of a foreign unidentified object in the sky, and at the same time sirens sounded once again at Akrotiri base upon the detection of a possible threat. Later on the Cypriot government confirmed that the objects were two drones which were intercepted without causing any damages. After the incident, Greece announced that they would deploy frigates and F-16s to defend Cyprus from any further strikes by Iran. Later in the day IRGC general Sardar Jabbari commented that there was a US presence on the island of Cyprus and that Iran planned to strike the island ""with such intensity that the Americans will be forced to leave"".",https://en.wikipedia.org/wiki/Timeline_of_the_2026_Iran_war#2_March,2026-07-17T02:45:35,0,
wt_0040,wikipedia_timeline,3/2/2026,2-Mar,Iranian attacks,p,"19 people were injured after an Iranian missile hit a neighborhood in Beersheba , Israel.",https://en.wikipedia.org/wiki/Timeline_of_the_2026_Iran_war#2_March,2026-07-17T02:45:35,0,
wt_0041,wikipedia_timeline,3/2/2026,2-Mar,Iranian attacks,p,The US Central Command announced the death of six US service members killed in action.,https://en.wikipedia.org/wiki/Timeline_of_the_2026_Iran_war#2_March,2026-07-17T02:45:35,0,
wt_0042,wikipedia_timeline,3/2/2026,2-Mar,Lebanon theater,p,"Projectiles were launched from within Lebanon toward Israel in the early hours of 2 March, setting off sirens across Haifa and the Upper Galilee . The IDF said that it intercepted a rocket from Hezbollah, while others hit open areas. The IDF spokesperson issued an emergency statement saying that the attack is to be considered ""an official declaration of war by Hezbollah"", vowing to ""neutralize"" the threat. Hezbollah confirmed its responsibility, saying that it attacked an IDF base in Haifa in response to Khamenei's killing.",https://en.wikipedia.org/wiki/Timeline_of_the_2026_Iran_war#2_March,2026-07-17T02:45:35,0,
wt_0043,wikipedia_timeline,3/2/2026,2-Mar,Lebanon theater,p,"The IDF proceeded with a series of airstrikes in Beirut and the Beqaa Valley . Strikes also hit southern Lebanon . Israel warned Lebanese people who fled from their homes not to return. The IDF later announced that it struck more than 70 targets in Dahieh and southern Lebanon. The IDF struck three southern Lebanese towns, including Haris , Nabatieh al-Fawqa , and Mayfadoun , and later issued an evacuation order in 50 adjacent communities. The IDF said it killed the head of Hezbollah's intelligence headquarters Hussein Makled in the strikes. In the night, it reported the killing of Abu Hamza Rami , the Palestinian Islamic Jihad commander in Lebanon, in Beirut.",https://en.wikipedia.org/wiki/Timeline_of_the_2026_Iran_war#2_March,2026-07-17T02:45:35,0,
wt_0044,wikipedia_timeline,3/2/2026,2-Mar,Other developments,p,"Qatar shoots down two Iranian Su-24 bombers , making it the first nation to shoot down crewed Iranian aircraft in the conflict.",https://en.wikipedia.org/wiki/Timeline_of_the_2026_Iran_war#2_March,2026-07-17T02:45:35,0,
wt_0045,wikipedia_timeline,3/2/2026,2-Mar,Other developments,p,"Three US F-15 fighters crash in Kuwait. Iran claims to have shot them down, while later CentCom attributed it to friendly fire by Kuwait.",https://en.wikipedia.org/wiki/Timeline_of_the_2026_Iran_war#2_March,2026-07-17T02:45:35,0,
wt_0046,wikipedia_timeline,3/3/2026,3-Mar,,p,"The war dramatically expanded, with nine countries now involved.",https://en.wikipedia.org/wiki/Timeline_of_the_2026_Iran_war#3_March,2026-07-17T02:45:35,0,
wt_0047,wikipedia_timeline,3/3/2026,3-Mar,US–Israeli attacks in Iran,p,"HRANA reported 104 attacks in 19 provinces, and at least 31 casualties including 15 civilians killed and 1 injured. Isfahan, Kermanshah, Shiraz and IEI were bombed, along with other cities. Targets hit included Imam Hossein University and a garrison in Tehran, a military headquarters in Kermanshah, garrisons in Marivan and Najafabad, the Shohada Hospital in Sarpol-e Zahab, a field hospital in Salas-e Babajani, the Criminal Investigation Department in Marivan, nuclear facilities in Natanz and the Dezful Radio building in Dezful.",https://en.wikipedia.org/wiki/Timeline_of_the_2026_Iran_war#3_March,2026-07-17T02:45:35,0,
wt_0050,wikipedia_timeline,3/3/2026,3-Mar,US–Israeli attacks in Iran,p,"CENTCOM commander Admiral Brad Cooper said that the United States ""destroyed 17 Iranian ships, including the most operational Iranian submarine that now has a hole in its side."" The US sunk missile corvette IRIS Shahid Soleimani , the lead ship of an Iranian class with the same name. The US sunk the submarine IRIS Fateh , Iran's only operational Fateh -class submarine . It was the first submarine to be sunk during a conflict since the Falklands War .",https://en.wikipedia.org/wiki/Timeline_of_the_2026_Iran_war#3_March,2026-07-17T02:45:35,0,
wt_0051,wikipedia_timeline,3/3/2026,3-Mar,Iranian attacks,p,Iran continued its strikes on Israel and the Gulf states.,https://en.wikipedia.org/wiki/Timeline_of_the_2026_Iran_war#3_March,2026-07-17T02:45:35,0,
wt_0052,wikipedia_timeline,3/3/2026,3-Mar,Iranian attacks,p,The Israeli cities of Bnei Brak and Rosh HaAyin saw Iranian strikes causing a total of seven injuries amongst civilians. Israeli Police report that one person was injured after Iranian shrapnel fell in Tel Aviv.,https://en.wikipedia.org/wiki/Timeline_of_the_2026_Iran_war#3_March,2026-07-17T02:45:35,0,
wt_0055,wikipedia_timeline,3/3/2026,3-Mar,Lebanon theater,p,"Israel's Defense Minister authorized a ground invasion of Lebanon to seize strategic positions. Israel said it detained a dozen Hezbollah members after a rocket strike on Israel. Hezbollah launched drones and missiles at a trio of Israeli bases, and claimed to have struck down an Israeli drone in Nabatieh . World Health Organization Director-General Tedros Adhanom Ghebreyesus said that three paramedics were killed and six injured while working to help affected people in southern Lebanon.",https://en.wikipedia.org/wiki/Timeline_of_the_2026_Iran_war#3_March,2026-07-17T02:45:35,0,
wt_0056,wikipedia_timeline,3/3/2026,3-Mar,Other developments,p,"Iran banned food exports, and ordered people to uninstall and disable foreign social media apps on their phones over security concerns. State media announced that Iran has stocked one month of wheat flour and essential food products. Iran announced that the IRGC was setting up checkpoints in cities nationwide. State media reported that Ali Khamenei 's son and possible heir Mojtaba Khamenei ""miraculously survived missile strike"" that killed his father. He was subsequently elected as the new Supreme Leader of Iran.",https://en.wikipedia.org/wiki/Timeline_of_the_2026_Iran_war#3_March,2026-07-17T02:45:35,0,
wt_0057,wikipedia_timeline,3/3/2026,3-Mar,Other developments,p,"Western diplomats and other sources told The Jerusalem Post that Qatar had struck Iran after Iranian attempts to directly strike Doha's airport and that Qatar had shot down two Iranian Su-24 bombers; Channel 12 also reported Qatari strikes. Qatari Foreign Ministry spokesperson Majed al-Ansari vigorously denied the accusation that Qatar had joined the ""campaign targeting Iran"". According to Tasnim, GCC Gulf Shield units were deployed to Bahrain to quell Shia protests.",https://en.wikipedia.org/wiki/Timeline_of_the_2026_Iran_war#3_March,2026-07-17T02:45:35,0,
wt_0058,wikipedia_timeline,3/4/2026,4-Mar,US–Israeli attacks in Iran,p,"HRANA recorded 117 attacks in 23 provinces, and at least 53 casualties including 31 civilian deaths and 25 civilian injuries. Targets hit included industrial towns in Qazvin and Urmia, a garrison in Najafabad, Ba'athat Hospital and a separate surgical center in Tehran, Esmat Girls' High School and a blood transfusion center in Urmia.",https://en.wikipedia.org/wiki/Timeline_of_the_2026_Iran_war#4_March,2026-07-17T02:45:35,0,
wt_0059,wikipedia_timeline,3/4/2026,4-Mar,US–Israeli attacks in Iran,p,"A joint US–Israeli strike targeted Azadi square in Tehran as well as military facilities and the metro station. The IAF struck an Iranian military complex in eastern Tehran. Israeli strikes hit the Basij headquarters, as well as missile launch pads, defense systems and the supply and logistics directorate affiliated with Iranian ground forces. At 16:15 UTC Israel announced it had completed a major large scale airstrikes on a major military outpost housing soldiers from all branches of Iran's security apparatus.",https://en.wikipedia.org/wiki/Timeline_of_the_2026_Iran_war#4_March,2026-07-17T02:45:35,0,
wt_0060,wikipedia_timeline,3/4/2026,4-Mar,US–Israeli attacks in Iran,p,"The IDF announced that an F-35I ""Adir"" shot down a Russian-made Iranian Yak-130 fighter jet over Tehran , marking the first time in history a stealth fighter has shot down a crewed fighter jet in combat. It was also the first time the Israeli Air Force shot down an aircraft since 1985.",https://en.wikipedia.org/wiki/Timeline_of_the_2026_Iran_war#4_March,2026-07-17T02:45:35,0,
wt_0061,wikipedia_timeline,3/4/2026,4-Mar,US–Israeli attacks in Iran,p,"A US submarine sunk the Iranian warship IRIS Dena off the coast of Galle, Sri Lanka , killing 87 of its crewmen. The Iranian frigate was returning from International Fleet Review 2026 , which was held in Visakhapatnam , India. 32 of its crewmen were rescued by the Sri Lankan navy . At 13:15 UTC an Iranian warship sunk by US–Israeli airstrike in the port of Bandar Abbas . The warship was a Soleimani Class Corvette. It was the second Iranian warship sunk that day. According to CENTCOM, the US military cumulatively destroyed 19 Iranian ships, 1 submarine, and nearly 2,000 targets by this point in the war.",https://en.wikipedia.org/wiki/Timeline_of_the_2026_Iran_war#4_March,2026-07-17T02:45:35,0,
wt_0062,wikipedia_timeline,3/4/2026,4-Mar,US–Israeli attacks in Iran,p,The US launched multiple strikes on PMF forces in Iraq throughout the day,https://en.wikipedia.org/wiki/Timeline_of_the_2026_Iran_war#4_March,2026-07-17T02:45:35,0,
wt_0065,wikipedia_timeline,3/4/2026,4-Mar,Iranian attacks,p,"Aramco's Ras Tanura oil refining facility in Saudi Arabia was hit by a projectile. A drone was downed in the proximity of Baghdad International Airport , whilst another wave of drones and missiles was intercepted in Erbil . The pro-Iran militia Saraya Awliya al-Dam claim that they struck a ""vital US asset"" in Jordan, but this was unconfirmed by independent news outlets or CENTCOM.",https://en.wikipedia.org/wiki/Timeline_of_the_2026_Iran_war#4_March,2026-07-17T02:45:35,0,
wt_0066,wikipedia_timeline,3/4/2026,4-Mar,Lebanon theater,p,"At 10:00 UTC Syrian forces blocked the Syrian - Lebanese border, in what they said was an effort to block Hezbollah from crossing the border and smuggling weapons in and out of Lebanon. At 11:55 to 12:35 UTC Multiple rockets, missiles, and drones launched towards Israel from Lebanon to the north and Iran from the east, and at 12:35 UTC Israel launched strikes at Hezbollah targets in southern Lebanon. Israeli ground forces moved into Lebanon skirmishing with Hezbollah in the first land based clashes of the war. Hezbollah said that it clashed with Israeli forces attempting to advance in Khiam and launched rocket barrages at a concentration of troops in Kiryat Shmona . Hezbollah also said that it struck an Israeli tank in the town of Houla, Lebanon . Israel later said that two of its soldiers were injured by anti-tank fire.",https://en.wikipedia.org/wiki/Timeline_of_the_2026_Iran_war#4_March,2026-07-17T02:45:35,0,
wt_0068,wikipedia_timeline,3/4/2026,4-Mar,Other developments,p,Iraq's national power grid went down.,https://en.wikipedia.org/wiki/Timeline_of_the_2026_Iran_war#4_March,2026-07-17T02:45:35,0,
wt_0069,wikipedia_timeline,3/4/2026,4-Mar,Other developments,p,"According to an unnamed official from the Coalition of Political Forces of Iranian Kurdistan , Iraqi-based Kurdish armed groups consisting of thousands of the Kurdistan Free Life Party (PJAK) troops began a military offensive into Iranian territory, with operations beginning earlier on 2 March. American and Israeli officials reportedly confirmed the events. However, an unnamed PJAK official denied the claims of an ongoing offensive and cross-border troop movements, as did Aziz Ahmed, deputy chief of staff to Kurdistan Region's prime minister Masrour Barzani .",https://en.wikipedia.org/wiki/Timeline_of_the_2026_Iran_war#4_March,2026-07-17T02:45:35,0,
wt_0070,wikipedia_timeline,3/4/2026,4-Mar,Other developments,p,"Qatar arrested ten individuals for operating as a cell of the IRGC in Qatari territory, collecting data on military infrastructure, with some trained to use drones. QatarEnergy declared force majeure on gas exports and shut down gas liquefaction .",https://en.wikipedia.org/wiki/Timeline_of_the_2026_Iran_war#4_March,2026-07-17T02:45:35,0,
wt_0071,wikipedia_timeline,3/5/2026,5-Mar,US–Israeli attacks in Iran,p,"HRANA recorded 170 attacks in 19 provinces and at least 79 casualties, including 9 civilians killed, one of whom was a child, and 38 civilians injured. 29 casualties could not be immediately classified as civilian or military. Targets hit included the Ministry of Intelligence office in Sardasht, an IRGC garrison in Sanandaj, a paper factory in Malayer, and a border terminal in Dasht-e Azadegan. Iran's largest sports complex, the 12,000-seat indoor arena at Tehran's Azadi Indoor Stadium , was destroyed by an American-Israeli strike, following reports that authorities had been using stadiums for military purposes. Israel and the US launched another wave of attacks on Tehran, also hitting a police station, a residential building, the Yas Nabi Girls' Elementary School, Basat Stadium and the District 18 municipality.",https://en.wikipedia.org/wiki/Timeline_of_the_2026_Iran_war#5_March,2026-07-17T02:45:35,0,
wt_0072,wikipedia_timeline,3/5/2026,5-Mar,Iranian and Hezbollah strikes,p,Saudi Arabia reported that in the early hours of the day they had intercepted three cruise missiles outside the city of Al-Kharj .,https://en.wikipedia.org/wiki/Timeline_of_the_2026_Iran_war#5_March,2026-07-17T02:45:35,0,
wt_0073,wikipedia_timeline,3/5/2026,5-Mar,Iranian and Hezbollah strikes,p,"Iran said it targeted Kurdish groups in Iraq and warned separatists amid the expanding conflict. Early on 5 March, Iran launched another round of missiles at Israel, setting off air-raid alerts in areas including Tel Aviv, though no casualties were immediately reported. Suspected debris from an intercepted Iranian missile landed in Petah Tikva , causing a fire.",https://en.wikipedia.org/wiki/Timeline_of_the_2026_Iran_war#5_March,2026-07-17T02:45:35,0,
wt_0074,wikipedia_timeline,3/5/2026,5-Mar,Iranian and Hezbollah strikes,p,Iran targeted a US oil tanker in the Persian Gulf.,https://en.wikipedia.org/wiki/Timeline_of_the_2026_Iran_war#5_March,2026-07-17T02:45:35,0,
wt_0075,wikipedia_timeline,3/5/2026,5-Mar,Iranian and Hezbollah strikes,p,"Iranian drones entered Azerbaijani airspace. One drone hit the terminal of the Nakhchivan International Airport and another fell near a school in the village of Şəkərabad . Azerbaijan summoned their Iranian ambassador, withdrew their diplomats from Iran, and promised a military response. Iran's foreign minister Abbas Araghchi denied that Iran had attacked Azerbaijan, and suggested that it was an Israeli false flag attack. Azer News reported that a Telegram channel affiliated with the Islamic Revolutionary Guard Corps, ""Sepah Pasdaran News Channel"", claimed responsibility for the attack in Nakhchivan . Azerbaijani president Ilham Aliyev said that ""Iran committed terror acts against Azerbaijan"". Turkey likewise condemned the strikes in Azerbaijan.",https://en.wikipedia.org/wiki/Timeline_of_the_2026_Iran_war#5_March,2026-07-17T02:45:35,0,
wt_0076,wikipedia_timeline,3/5/2026,5-Mar,Other developments,p,"UK defence minister John Healey visited Cyprus. No missiles were sent toward the country, but alarms in British bases rang twice, causing widespread panic and self evacuations in the local population. Italy, the Netherlands and Spain confirmed that they will be sending warships to defend Cyprus, including the Cristóbal Colón frigate. If requested, Ireland stated they would be willing to protect Cyprus and join the European defense coalition that had mobilized around the island.",https://en.wikipedia.org/wiki/Timeline_of_the_2026_Iran_war#5_March,2026-07-17T02:45:35,0,
wt_0077,wikipedia_timeline,3/5/2026,5-Mar,Other developments,p,Ukrainian president Volodymyr Zelensky stated that Ukraine had received an American request for assistance with Iranian Shahed drones . President Trump stated that he would accept Ukrainian assistance.,https://en.wikipedia.org/wiki/Timeline_of_the_2026_Iran_war#5_March,2026-07-17T02:45:35,0,
wt_0078,wikipedia_timeline,3/6/2026,6-Mar,US–Israeli strikes,p,"HRANA recorded 664 attacks in 28 provinces, and at least 25 casualties including 4 civilian deaths and 9 injuries. The US and Israel executed heavy airstrikes on Tehran, on targets including Mehrabad airport, a police station, an IRGC base, and residential units. Strikes also took place on Kermanshah as well as Salmas, Maku and Saqqez in western Iran. US and Israeli airstrikes also hit intelligence sites in Lorestan and Ilam, and a Ministry of Intelligence office building in Sarpol-e Zahab. Other targets included the Fars Governate building and a medical emergency team/operational base in Shiraz, the Mahabad Red Crescent, and a facility of the National Iranian Oil Company in Miandoab.",https://en.wikipedia.org/wiki/Timeline_of_the_2026_Iran_war#6_March,2026-07-17T02:45:35,0,
wt_0079,wikipedia_timeline,3/6/2026,6-Mar,Iranian and Hezbollah strikes and renewed Gulf offensive,p,"Iran opened a new and wider campaign on Gulf states with attacks on Saudi Arabia (3 missiles had been intercepted at Prince Sultan Air Base), Kuwait (with drones and missiles), Qatar (where 13 missiles were intercepted), Bahrain (where a hotel and two residential buildings were targeted), and the UAE.",https://en.wikipedia.org/wiki/Timeline_of_the_2026_Iran_war#6_March,2026-07-17T02:45:35,0,
wt_0080,wikipedia_timeline,3/6/2026,6-Mar,Iranian and Hezbollah strikes and renewed Gulf offensive,p,"Late on Friday, drones struck Iraqi airports and oil facilities; in Basra , a compound housing foreign oil-company workers, including Halliburton and KBR facilities, was hit and caught fire.",https://en.wikipedia.org/wiki/Timeline_of_the_2026_Iran_war#6_March,2026-07-17T02:45:35,0,
wt_0081,wikipedia_timeline,3/6/2026,6-Mar,Other developments,p,"President Masoud Pezeshkian issued an apology on state television for waves of Iranian attacks against neighbouring countries, stating that Iran had not attacked ""friendly and neighboring countries"".",https://en.wikipedia.org/wiki/Timeline_of_the_2026_Iran_war#6_March,2026-07-17T02:45:35,0,
wt_0082,wikipedia_timeline,3/6/2026,6-Mar,Other developments,p,"The Sri Lanka Navy announced that the Sri Lanka Navy would take charge of the Iranian tanker IRIS Bushehr and its crew of 208, with the crew to be brought ashore and the vessel moved to the Trincomalee area. This is the first instance of a warship being interned in a neutral country since World War II. [ citation needed ]",https://en.wikipedia.org/wiki/Timeline_of_the_2026_Iran_war#6_March,2026-07-17T02:45:35,0,
wt_0083,wikipedia_timeline,3/6/2026,6-Mar,Other developments,p,Three Ghanaian peacekeepers enrolled in UNIFIL were hit by a missile and wounded in Southern Lebanon. Responsibility for the attack was unclear.,https://en.wikipedia.org/wiki/Timeline_of_the_2026_Iran_war#6_March,2026-07-17T02:45:35,0,
wt_0084,wikipedia_timeline,3/6/2026,6-Mar,Other developments,p,"In Azerbaijan, an alleged Iranian-linked terrorist plot against the Baku–Tbilisi–Ceyhan oil pipeline , the Israeli embassy and synagogues in Baku is prevented by local law enforcement, with the trial of said alleged terrorists starting on the same day, during which they were identified as being part of a cell of the Islamic State known as "" Vilayati-Khorasan "" and the IRGC.",https://en.wikipedia.org/wiki/Timeline_of_the_2026_Iran_war#6_March,2026-07-17T02:45:35,0,
wt_0085,wikipedia_timeline,3/7/2026,7-Mar,US–Israeli attacks in Iran,p,"HRANA reported 485 attacks in 30 provinces and 53 casualties, including at least 33 civilians killed and 8 injured. US and Israeli forces executed strikes on many targets in Tehran and Isfahan including Mehrabad International Airport , where the IDF said that it destroyed 16 Quds Force aircraft, as well as a logistics and support garrison and an emergency response base in Tehran. Other targets included airbases in Ahvaz and Isfahan, a medical clinic in Zanganeh, a girls' school in Khomein, a home in Eslamshahr, and a water desalination plant on Qeshm Island . The IRGC said the desalination plant attack affected the water supply for 30 villages and said they had retaliated by striking the source of the attack; both the US and Israel denied attacking the plant.",https://en.wikipedia.org/wiki/Timeline_of_the_2026_Iran_war#7_March,2026-07-17T02:45:35,0,
wt_0087,wikipedia_timeline,3/7/2026,7-Mar,Iranian retaliation,p,The compounds and oil refineries structures of the US-based firm Halliburton located in Basra are hit by Iranian strikes.,https://en.wikipedia.org/wiki/Timeline_of_the_2026_Iran_war#7_March,2026-07-17T02:45:35,0,
wt_0088,wikipedia_timeline,3/7/2026,7-Mar,Other developments,p,"The US approved a $151M arms sale to Israel, and sent a third aircraft carrier, USS George H. W. Bush , to the Middle East.",https://en.wikipedia.org/wiki/Timeline_of_the_2026_Iran_war#7_March,2026-07-17T02:45:35,0,
wt_0090,wikipedia_timeline,3/7/2026,7-Mar,Other developments,p,"Iran's President Masoud Pezeshkian released a video message apologizing for ""fire at will"" attacks on neighbouring countries and instructed them to stop, although attacks continued shortly afterward.",https://en.wikipedia.org/wiki/Timeline_of_the_2026_Iran_war#7_March,2026-07-17T02:45:35,0,
wt_0091,wikipedia_timeline,3/8/2026,8-Mar,US–Israeli strikes,p,"Overnight Israeli airstrikes hit Iran's oil facilities for the first time, killing four people and releasing large clouds of dark smoke into the air, raising concerns over fuel shortages, water and soil contamination and respiratory hazards. HRANA reported 752 attacks in 30 provinces, and 83 unclassified casualties, including 33 people killed and 50 injured. Targets struck included the Kamal Esmail Basij Base and an army garrison in Isfahan, an IRGC brigade in Shahin Shahr, a border guard regiment in Paveh, the Border Guard Command Headquarters in Kermanshah, a swimming complex in Isfahan, a stadium in Shahin Shahr, a seminary building in Qom, and a judiciary building in Zarrin Shahr. Israeli American airstrikes hit the IRGC aerospace headquarters and 50 ammunition storage shelters. US officials stated that Iran was using heavy populated areas to conduct military operations. Following some missile attack(s), the Rowing Federation of Iran building suffered serious damage. Following the Israeli and American attacks on Iranian soil, the Hockey Federation building located in Tehran's Enghelab Sports Complex was damaged and suffered serious damage. The Tennis Federation of Iran building suffered serious damage by the attacks.",https://en.wikipedia.org/wiki/Timeline_of_the_2026_Iran_war#8_March,2026-07-17T02:45:35,0,
wt_0092,wikipedia_timeline,3/8/2026,8-Mar,Iranian strikes,p,"Israeli rescue services said that at least three people were injured by shrapnel belonging to Iranian missiles. The IRGC said that its missiles hit ""military targets"" in Tel Aviv and Beersheba as well as the Muwaffaq Salti Air Base in Azraq, Jordan .",https://en.wikipedia.org/wiki/Timeline_of_the_2026_Iran_war#8_March,2026-07-17T02:45:35,0,
wt_0093,wikipedia_timeline,3/8/2026,8-Mar,Iranian strikes,p,An Iranian drone strike caused a fire in a Kuwait City tower belonging to the Public Institution for Social Security . Kuwait reported that two of its officers were killed on duty.,https://en.wikipedia.org/wiki/Timeline_of_the_2026_Iran_war#8_March,2026-07-17T02:45:35,0,
wt_0094,wikipedia_timeline,3/8/2026,8-Mar,Iranian strikes,p,US Central Command announced the death of a seventh US service member from an Iranian attack.,https://en.wikipedia.org/wiki/Timeline_of_the_2026_Iran_war#8_March,2026-07-17T02:45:35,0,
wt_0095,wikipedia_timeline,3/8/2026,8-Mar,Iranian strikes,p,"The United Kingdom's Ministry of Defence confirmed that its forces had intercepted an Iranian drone headed towards Iraq, and declared its intention to send a Merlin helicopter to the region to help aid in detecting future aerial threats.",https://en.wikipedia.org/wiki/Timeline_of_the_2026_Iran_war#8_March,2026-07-17T02:45:35,0,
wt_0096,wikipedia_timeline,3/9/2026,9-Mar,US–Israeli strikes,p,"HRANA recorded 285 attacks in 17 provinces and at least 61 casualties, including at least 40 civilians killed and 8 injured, as well as 11 unclassified deaths. Strikes primarily targeted Tehran and Isfahan. Extensive damage was dealt to historical sites in Isfahan. Targets stuck included Optical Defense Industries in Isfahan, Soru Pier in Bandar Abbas, a law enforcement building in Mobarakeh, Shahid Montazeri Camp in Shahriar, Sahab Pardaz Informatics Company building in Tehran, the Chehel Sotoun Palace-Museum and Ali Qapu Palace-Museum in Isfahan, Shahidan Nasiri Stadium and Safaian Clinic and Medical Center, and an automobile dealership in Lam.",https://en.wikipedia.org/wiki/Timeline_of_the_2026_Iran_war#9_March,2026-07-17T02:45:35,0,
wt_0097,wikipedia_timeline,3/9/2026,9-Mar,Iranian strikes,p,"An explosion near Manama sparked a fire near a petroleum refinery and resulted in injuries to at least 32 Bahraini citizens, four of them ""serious cases"". An analysis by academic researchers examined by Reuters found that an American-operated Patriot missile was likely involved in the blast after it downed an Iranian drone mid-air. The UAE said that it intercepted 12 ballistic missiles and 17 drones from Iran.",https://en.wikipedia.org/wiki/Timeline_of_the_2026_Iran_war#9_March,2026-07-17T02:45:35,0,
wt_0098,wikipedia_timeline,3/9/2026,9-Mar,Iranian strikes,p,Saudi Arabia said that its forces had destroyed four drones targeting Shaybah oil field .,https://en.wikipedia.org/wiki/Timeline_of_the_2026_Iran_war#9_March,2026-07-17T02:45:35,0,
wt_0099,wikipedia_timeline,3/9/2026,9-Mar,Iranian strikes,p,Iran continued firing missiles on Israel with reports saying that at least one was carrying a cluster of bomb warhead. A cluster bomb attack killed two workers at a construction site in Yehud and injured a third in Or Yehuda .,https://en.wikipedia.org/wiki/Timeline_of_the_2026_Iran_war#9_March,2026-07-17T02:45:35,0,
wt_0100,wikipedia_timeline,3/9/2026,9-Mar,Khamenei's election as new leader,p,"Following the killing of Ali Khamenei, the former leader of the Islamic Republic of Iran, in the Iran-2026 war, Mojtaba Khamenei was elected as the new leader of Iran.",https://en.wikipedia.org/wiki/Timeline_of_the_2026_Iran_war#9_March,2026-07-17T02:45:35,0,
wt_0101,wikipedia_timeline,3/9/2026,9-Mar,Other developments,p,BAPCO declared force majeure on oil exports after an Iranian attack hit its only refinery.,https://en.wikipedia.org/wiki/Timeline_of_the_2026_Iran_war#9_March,2026-07-17T02:45:35,0,
wt_0102,wikipedia_timeline,3/9/2026,9-Mar,Other developments,p,Iran declared that they would bring more security passage to the countries that expel US and Israel ambassadors.,https://en.wikipedia.org/wiki/Timeline_of_the_2026_Iran_war#9_March,2026-07-17T02:45:35,0,
wt_0104,wikipedia_timeline,3/10/2026,10-Mar,US–Israeli strikes,p,"HRANA reported 202 attacks across 19 provinces, with 53 casualties including at least 17 civilians killed and 19 injured, as well as 8 unclassified deaths. An attack on an intersection along Tehran's Resalat Highway resulted in a large number of civilian casualties. Other targets stuck included airbases in Bandar Abbas and Isfahan, an IRGC intelligence headquarters in Qom, the Kerman Airport fuel depot, a law enforcement building in Azarshahr, the Najafabad courthouse, a residential neighborhood in Mehrshahr, and a battery company and municipal informatics building in Tehran. Israel said that it struck a weapons research site in Tehran. The US said it struck multiple Iranian minelaying ships.",https://en.wikipedia.org/wiki/Timeline_of_the_2026_Iran_war#10_March,2026-07-17T02:45:35,0,
wt_0105,wikipedia_timeline,3/10/2026,10-Mar,Iranian strikes,p,"Abu Dhabi National Oil Company shut down its Ruwais refinery due to fire from a drone strike. Saudi Civil Defense said that a drone fell in Al-Zulfi City , causing material damage but no injuries. Iran targeted US military sites in Harir Air Base in the Kurdistan region of Iraq.",https://en.wikipedia.org/wiki/Timeline_of_the_2026_Iran_war#10_March,2026-07-17T02:45:35,0,
wt_0106,wikipedia_timeline,3/10/2026,10-Mar,Iranian strikes,p,Syrian media reported that Israeli had intercepted Iranian drones in the towns of Jalin and the Israeli-occupied town of Quneitra .,https://en.wikipedia.org/wiki/Timeline_of_the_2026_Iran_war#10_March,2026-07-17T02:45:35,0,
wt_0107,wikipedia_timeline,3/10/2026,10-Mar,Other developments,p,The UNHCR reported that about 700 thousand people were displaced in Lebanon by Israeli bombing and mass evacuations.,https://en.wikipedia.org/wiki/Timeline_of_the_2026_Iran_war#10_March,2026-07-17T02:45:35,0,
wt_0108,wikipedia_timeline,3/11/2026,11-Mar,US–Israeli strikes,p,"HRANA reported 208 attacks in 22 provinces and at least 44 casualties, including 14 civilians killed and 6 injured. Targets hit included army and IRGC bases in Isfahan and Chabahar, a missile site in Khomeinishahr, a police station in Saqqez, a training garrison in Birjand, the Persian Gulf Martyrs Hospital in Bushehr, the Shaqayeq Girls' School in Khomein, a gas station and oil depot in Tehran, and two residential homes in Bandar Lengeh. Israeli drone strikes hit checkpoints in Tehran, killing at least ten people, including several Basij members. Among the dead in the strike was eleven-year-old child soldier Alireza Jafari , whose death was cited by Amnesty International , which called the organized Iranian recruitment of children as young as Jafari a war crime .",https://en.wikipedia.org/wiki/Timeline_of_the_2026_Iran_war#11_March,2026-07-17T02:45:35,0,
wt_0109,wikipedia_timeline,3/11/2026,11-Mar,Iranian strikes,p,"Iran fired dozens of missiles at targets throughout the Gulf region as the US and Israel launched attacks on targets in Iran. IRGC announced attacks against Camp Buehring in Kuwait in a two-pronged missile attack, as well as drone and missile attacks on US infrastructure at the Mina Salman port in Bahrain ( Naval Support Activity Bahrain ), as well as the Kuwait Naval Base (Camp Patriot) and Ali Al Salem Air Base in Kuwait. Two drones fell near Dubai International Airport , wounding four people. Drones also struck fuel tanks at the Port of Salalah , Oman, leading the port to suspend its operations.",https://en.wikipedia.org/wiki/Timeline_of_the_2026_Iran_war#11_March,2026-07-17T02:45:35,0,
wt_0111,wikipedia_timeline,3/12/2026,12-Mar,US–Israeli strikes,p,"HRANA recorded 312 attacks in 15 provinces and at least 124 casualties including 10 civilians killed and 91 injured, as well as 21 deaths that could not be immediately classified as civilian or military. Targets included the 92nd Armored Division and a military headquarters in Ahvaz, production units and a warehouse in an industrial district in Arak, a naval base in Konarak, the Dareh Shour tourist camp in Qeshm, Rashk-e Jenan Historic Palace in Isfahan, residential areas in Behbahan and Ahvaz, and the Boostan Hospital in Ahvaz.",https://en.wikipedia.org/wiki/Timeline_of_the_2026_Iran_war#12_March,2026-07-17T02:45:35,0,
wt_0112,wikipedia_timeline,3/12/2026,12-Mar,US–Israeli strikes,p,"The Popular Mobilization Forces (PMF) militia's 18th brigade headquarters in Al-Qa'im , Iraq, was hit by a direct strike. The overnight strikes on Al-Qa'im killed 15 people, while another strike on a PMF base near Kirkuk killed five people. The strikes on the PMF were condemned by the Iraqi government.",https://en.wikipedia.org/wiki/Timeline_of_the_2026_Iran_war#12_March,2026-07-17T02:45:35,0,
wt_0113,wikipedia_timeline,3/12/2026,12-Mar,Iranian strikes,p,"Iran fired 10 ballistic missiles with multiple warheads at Tel Aviv; Israel reported 124 people injured. Iran said it targeted IDF bases including Palmachim Airbase , and Ovda Airbase as well as the Shin Bet headquarters.",https://en.wikipedia.org/wiki/Timeline_of_the_2026_Iran_war#12_March,2026-07-17T02:45:35,0,
wt_0114,wikipedia_timeline,3/12/2026,12-Mar,Iranian strikes,p,"On the night of 11 to 12 March, Iranian drones hit Bahrain International Airport on Muharraq Island and set fuel tanks on fire. They also hit coalition military camps near Erbil and Baghdad in Iraq, wounding a number of US soldiers. 2 drones were shot down by British troops. A drone attack on a Peshmerga base in the Malla Qara [ ar ] subdistrict of Makhmur district , injured six French soldiers. One soldier, Arnaud Frion, 7th Chasseurs Alpins was later reported killed in action.",https://en.wikipedia.org/wiki/Timeline_of_the_2026_Iran_war#12_March,2026-07-17T02:45:35,0,
wt_0115,wikipedia_timeline,3/12/2026,12-Mar,Iranian strikes,p,"Two fuel tankers, Maltese-flagged Zefyros (IMO 9515917) and Marshall Islands-flagged Safesea Vishnu (IMO 9327009), are attacked in Iraqi waters and catch fire. Iraqi oil terminals suspend operations. Reporters assume that the ships have been attacked by Iranian explosive-laden boats.",https://en.wikipedia.org/wiki/Timeline_of_the_2026_Iran_war#12_March,2026-07-17T02:45:35,0,
wt_0116,wikipedia_timeline,3/12/2026,12-Mar,Other developments,p,"An American Boeing KC-135 Stratotanker crashed in western Iraq, killing all six crew. Another was damaged and made an emergency landing.",https://en.wikipedia.org/wiki/Timeline_of_the_2026_Iran_war#12_March,2026-07-17T02:45:35,0,
wt_0118,wikipedia_timeline,3/12/2026,12-Mar,Other developments,p,The UN High Commissioner for Refugees announced that 3 million people in Iran had been internally displaced due to the war.,https://en.wikipedia.org/wiki/Timeline_of_the_2026_Iran_war#12_March,2026-07-17T02:45:35,0,
wt_0119,wikipedia_timeline,3/13/2026,13-Mar,US–Israeli strikes,p,"The US bombed Kharg Island , a major Iranian oil export hub, with Trump stating that every military site was destroyed on the island . Explosions were reported in Tehran during rallies for Quds Day . One person was killed by shrapnel.",https://en.wikipedia.org/wiki/Timeline_of_the_2026_Iran_war#13_March,2026-07-17T02:45:35,0,
wt_0120,wikipedia_timeline,3/13/2026,13-Mar,Iranian strikes,p,"An Iranian missile strike in Zarzir , Israel damaged around 300 homes and injured around 60 people. A drone attack at the Awahi Industrial Area of Sohar , Oman, killed two people and injured 11 others.",https://en.wikipedia.org/wiki/Timeline_of_the_2026_Iran_war#13_March,2026-07-17T02:45:35,0,
wt_0121,wikipedia_timeline,3/13/2026,13-Mar,Iranian strikes,p,"The US Rewards for Justice Program offered an up to US$10 million bounty for ten top Iranian leaders, including Mojtaba Khamenei .",https://en.wikipedia.org/wiki/Timeline_of_the_2026_Iran_war#13_March,2026-07-17T02:45:35,0,
wt_0122,wikipedia_timeline,3/13/2026,13-Mar,Iranian strikes,p,The Wall Street Journal reported that a strike on Prince Sultan Air Base earlier in the week damaged five US refueling tankers.,https://en.wikipedia.org/wiki/Timeline_of_the_2026_Iran_war#13_March,2026-07-17T02:45:35,0,
wt_0123,wikipedia_timeline,3/14/2026,14-Mar,US–Israeli strikes,p,"HRANA recorded 285 attacks in 18 provinces, with the largest number of attacks in Isfahan. At least 24 civilians, including one child, were killed and 4 were injured. Targets included naval facilities in Bandar Abbas, Shiraz International Airport and an electronics factory in Shiraz, an aerospace research center in Tehran, as well as residential units in the Javadieh neighborhood and the dormitory of the Shooting Sports Federation. An aircraft manufacturing company in Shahin Shahr was hit, as was the Jamkaran Grand Mosque in Qom, a food processing factory in Sirjan and a residential house in Yazd. The IDF announced that it killed two senior members of the Khatam al-Anbiya Central Headquarters intelligence unit who were appointed as its acting chiefs after the killing of Saleh Asadi .",https://en.wikipedia.org/wiki/Timeline_of_the_2026_Iran_war#14_March,2026-07-17T02:45:35,0,
wt_0124,wikipedia_timeline,3/14/2026,14-Mar,Iranian strikes,p,"A drone attack on Fujairah 's oil terminal caused a fire that forced a partial suspension of operations. A helipad at the US embassy in Iraq in Baghdad was struck by an aerial attack. A drone attack on the Ahmad al-Jaber Air Base lightly injured three Kuwaiti soldiers. Another attack on the Kuwait International Airport damaged a radar system. Iranian missile fragments hit Eilat , seriously injuring a child and lightly injuring another man.",https://en.wikipedia.org/wiki/Timeline_of_the_2026_Iran_war#14_March,2026-07-17T02:45:35,0,
wt_0127,wikipedia_timeline,3/15/2026,15-Mar,US–Israeli strikes,p,"HRANA recorded 494 attacks in 16 provinces and a total of at least 49 casualties, including 11 civilians killed and 22 injured. Early on 15 March, heavy airstrikes were reported in the Isfahan area, along with 20 explosions heard near Shiraz , heavy explosions in southern Tehran, Dezful Air Base , Khomein , and Hamadan . A video showed extensive damage from an airstrike at the Jask port in Hormozgan Province . Residents throughout the country have reported increased deployment of security forces. A joint US–Israel attack on Isfahan killed 15 people. Targets of the day's strikes included airbases in Isfahan, Dezful and Bandar Abbas, the Kobraei missile base, the Al-Hadid Garrison in Ahvaz, a courthouse in Hamadan, two schools in Joulan, a sports hall in Arak, a municipal warehouse in Nobriz, and a medical center in the suburbs of Tehran.",https://en.wikipedia.org/wiki/Timeline_of_the_2026_Iran_war#15_March,2026-07-17T02:45:35,0,
wt_0128,wikipedia_timeline,3/15/2026,15-Mar,Iranian strikes,p,"The IRGC said it had launched its ""50th wave of operations"" against American bases (in UAE , Bahrain and Kuwait). Iran's military vowed to ""pursue and kill"" Israeli prime minister Benjamin Netanyahu.",https://en.wikipedia.org/wiki/Timeline_of_the_2026_Iran_war#15_March,2026-07-17T02:45:35,0,
wt_0129,wikipedia_timeline,3/15/2026,15-Mar,Iranian public,p,"As of 15 March, pro-government rallies have been visible in Tehran's major squares.",https://en.wikipedia.org/wiki/Timeline_of_the_2026_Iran_war#15_March,2026-07-17T02:45:35,0,
wt_0130,wikipedia_timeline,3/16/2026,16-Mar,US–Israeli strikes,p,"65% of the day's attacks hit Tehran, with the remainder in a geographically dispersed pattern. HRANA recorded 243 attacks and at least 66 casualties, including 21 civilians killed and 31 injured. Targets included the District 13 Air Force Base in Tehran, the Peykanshahr Basij Base, and Mehrabad International Airport , where the IDF said that it destroyed an aircraft used by senior Iranian officials, including former supreme leader Ali Khamenei. An electricity department building and eleven residential buildings in Tehran, including an eight-story building on Zarafshan Street, were destroyed in the strikes. Military targets in Chabahar and Shiraz, as well as the Shahed Imam Reza School in Khomein and a desalination plant in Nikshahr. It also said that it destroyed a space research facility in Tehran that was used to develop attack satellites. Kata'ib Hezbollah announced the death of Abu Ali al-Askari, a senior commander who was reportedly killed in Baghdad.",https://en.wikipedia.org/wiki/Timeline_of_the_2026_Iran_war#16_March,2026-07-17T02:45:35,0,
wt_0131,wikipedia_timeline,3/16/2026,16-Mar,Iranian strikes,p,"A drone attack set a fuel tank at Dubai International Airport on fire in the early morning. Flights were initially suspended, but service was restored over the course of the morning. A drone attack also caused a fire at the Port of Fujairah , and a Palestinian was killed by a rocket near Abu Dhabi.",https://en.wikipedia.org/wiki/Timeline_of_the_2026_Iran_war#16_March,2026-07-17T02:45:35,0,
wt_0132,wikipedia_timeline,3/16/2026,16-Mar,Iranian strikes,p,"The first two floors of the Royal Tulip Al-Rasheed Hotel in Baghdad's Green Zone were hit by a drone whilst hosting a European Union and Saudi Arabian delegation. The attack was not claimed by anyone, however, due to the proximity of a similar attack that had happened 48 hours earlier against the US embassy in Baghdad, it is suspected to have been an Iranian attack.",https://en.wikipedia.org/wiki/Timeline_of_the_2026_Iran_war#16_March,2026-07-17T02:45:35,0,
wt_0133,wikipedia_timeline,3/16/2026,16-Mar,Other items,li,The Lebanese Ministry of Health: 38 healthcare workers have been killed and 69 injured since the escalation of the Israeli attacks on the country.,https://en.wikipedia.org/wiki/Timeline_of_the_2026_Iran_war#16_March,2026-07-17T02:45:35,0,
wt_0134,wikipedia_timeline,3/16/2026,16-Mar,Other items,li,"886 were killed in Israeli attacks on Lebanon from 2 to 16 March; and 2,141 people were also injured.",https://en.wikipedia.org/wiki/Timeline_of_the_2026_Iran_war#16_March,2026-07-17T02:45:35,0,
wt_0136,wikipedia_timeline,3/17/2026,17-Mar,US–Israeli strikes,p,"HRANA recorded 179 attacks and at least 19 total casualties, included 3 civilians killed and 4 injured. Drone attacks targeting police stations and checkpoints increased, even in densely populated urban areas. Almost half of the day's attacks were on targets in the Tehran province. The Basij Command Headquarters and the IRGC garrison in Saadat Abad were hit, as were the Panahi Sports Complex, the Shahid Kazemi Sports Complex and two wrestling halls. Historic buildings in the Saadabad complex were damaged. The Shahid Ebadat garrison in Marivan and a missile site in Khomeini Shahr were also targeted. A strike hit the area of the Bushehr Nuclear Power Plant , causing no damage. Several senior Iranian officials, including Ali Larijani , Basij chief Gholamreza Soleimani , and 300 Basij officials were killed by overnight Israeli airstrikes . The US used GBU-72 ""bunker bombs"" to target sites believed to contain Iranian anti-ship missiles ,.",https://en.wikipedia.org/wiki/Timeline_of_the_2026_Iran_war#17_March,2026-07-17T02:45:35,0,
wt_0137,wikipedia_timeline,3/17/2026,17-Mar,Iranian strikes,p,Iran launched a missile barrage that killed an elderly couple in Ramat Gan while they were on their way to a bomb shelter. Iranian missiles also damaged platforms at the Tel Aviv–Savidor Center railway station .,https://en.wikipedia.org/wiki/Timeline_of_the_2026_Iran_war#17_March,2026-07-17T02:45:35,0,
wt_0138,wikipedia_timeline,3/17/2026,17-Mar,Iranian strikes,p,Kuwait-flagged liquified petroleum tanker Gas ⁠Al Ahmadiah suffered minor damage after being attacked by a projectile east of Fujairah .,https://en.wikipedia.org/wiki/Timeline_of_the_2026_Iran_war#17_March,2026-07-17T02:45:35,0,
wt_0141,wikipedia_timeline,3/18/2026,18-Mar,US–Israeli strikes,p,"A video showed a heavy strike in northern Tehran on Wednesday morning. Israel said that it targeted Iran's command centers in Tehran. A medical center in Tehran was also hit. Parts of the Iranian South Pars gas field were hit by an Israeli airstrike , and the gas field's refineries in Asaluyeh were also hit. Israeli strikes targeted at least five Iranian naval vessels in the Caspian Sea , with explosions being heard in Bandar-e Anzali , threatening some of the two-way weapons traffic between Russia and Iran, mainly Shahed drone equipment, although the two countries also transport equipment through Azerbaijan. An airstrike hit the courthouse in Larestan . HRANA recorded 79 attacks and at least 125 casualties. At least 15 civilians were killed and 105 were injured.",https://en.wikipedia.org/wiki/Timeline_of_the_2026_Iran_war#18_March,2026-07-17T02:45:35,0,
wt_0144,wikipedia_timeline,3/19/2026,19-Mar,US–Israeli strikes,p,"HRANA reported 70 attacks in 12 provinces, and at least 75 casualties including 25 civilians killed and 5 wounded. The day's strikes were the first to target the Caspian Sea region, with strikes hitting several other provinces as well, especially Iran's oil and gas facilities in Asaluyeh. The IDF said that it destroyed an IRGC Mil Mi-17 helicopter in Sanandaj Airport . An Israeli strike targeted Basij members. Israel said that it would continue to attack people associated with the Iranian government. The representative of the armed forces to the Basij , Afshin Naghshbandi , was killed in an airstrike. An airstrike on a Basij checkpoint in Tabriz killed 13 fighters and injured 18 others.",https://en.wikipedia.org/wiki/Timeline_of_the_2026_Iran_war#19_March,2026-07-17T02:45:35,0,
wt_0145,wikipedia_timeline,3/19/2026,19-Mar,Iranian strikes,p,"A BAZAN Group refinery in Haifa was hit during a broader Iranian missile attack on the area. Mina Al-Ahmadi refinery in Kuwait was hit by Iranian drones, causing a fire. A US F-35 was allegedly damaged by Iranian fire during a combat mission over Iran. The aircraft made an emergency landing at a US airbase in the Middle East. IRGC published footage of the shooting. This is considered as the first direct hit on an F-35 in history.",https://en.wikipedia.org/wiki/Timeline_of_the_2026_Iran_war#19_March,2026-07-17T02:45:35,0,
wt_0146,wikipedia_timeline,3/19/2026,19-Mar,Other developments,p,"Netanyahu hosted a press conference asserting he was well. Qatar declared the Iranian military and security attachés persona non grata , giving them 24 hours to leave the country.",https://en.wikipedia.org/wiki/Timeline_of_the_2026_Iran_war#19_March,2026-07-17T02:45:35,0,
wt_0147,wikipedia_timeline,3/20/2026,20-Mar,US–Israeli strikes,p,"HRANA recorded 640 strikes in 17 provinces, and at least 68 casualties including 4 civilians killed and 6 injured. Targets hit included Basij and army bases and garrisons in Semnan, Ahvaz, Bandar Abbas and Urmia. Residential and administrative buildings were hit in Tehran, as were the Falak-ol-Aflak Historic Site in Khorramabad, an accommodation complex in Shahmirzad and a residential building in Karaj. IRGC spokesman Ali Mohammad Naini and his deputy were assassinated by an Israeli airstrike. The IDF also announced that Basij intelligence chief Ismail Ahmadi was killed in the strike that killed Gholamreza Soleimani .",https://en.wikipedia.org/wiki/Timeline_of_the_2026_Iran_war#20_March,2026-07-17T02:45:35,0,
wt_0148,wikipedia_timeline,3/20/2026,20-Mar,Iranian strikes,p,"Iran allegedly launched two ballistic missiles towards Diego Garcia , which houses a US–UK military base , though both failed to hit the island. While one of the missile broke apart mid-flight, another was intercepted by a SM-3 air defence missile launched by a US warship. Iran later denied claims that it launched missiles towards Diego Garcia, saying that it was an ""Israeli false flag"" attack.",https://en.wikipedia.org/wiki/Timeline_of_the_2026_Iran_war#20_March,2026-07-17T02:45:35,0,
wt_0150,wikipedia_timeline,3/20/2026,20-Mar,Other developments,p,"Iran denied targeting Turkey and Oman, saying that they were ""Israeli false flag"" attacks. Switzerland announced that the country would not issue licences to export weapons by companies to the United States, citing neutrality .",https://en.wikipedia.org/wiki/Timeline_of_the_2026_Iran_war#20_March,2026-07-17T02:45:35,0,
wt_0151,wikipedia_timeline,3/21/2026,21-Mar,US–Israeli strikes,p,"HRANA reported 348 attacks in 16 provinces, and at least 16 casualties including 8 civilians killed and 6 injured. The majority of the day's strikes targeted the Tehran area. Targets hit included Imam Ali Hospital in Andimeshk, a tourist complex in Ahvaz, passenger and fishing piers in Bushehr, military facilities in Tehran, Bandar Abbas, Yazd and Dezful, and the regional headquarters of the IRGC in Isfahan. Israeli airstrikes targeted several Tehran sites used to produce ballistic missiles. Iran said that an airstrike hit a uranium enrichment center in Natanz . The IDF said that it struck an alleged nuclear weapons development and research site at Tehran's Malek-Ashtar University of Technology . A Basij site in Najafabad was ""flattened"" in an airstrike.",https://en.wikipedia.org/wiki/Timeline_of_the_2026_Iran_war#21_March,2026-07-17T02:45:35,0,
wt_0153,wikipedia_timeline,3/22/2026,22-Mar,US–Israeli strikes,p,"HRANA recorded 206 attacks in 15 provinces with at least 4 casualties including one civilian killed and three injured. Targets hit included an airbase and naval base in Bushehr, the garrison in Garmdareh, an airbase and two power plants in Bandar Abbas, an army aviation base in Isfahan, residential buildings in Tabriz and Mohammadshahr, and the Shohada-ye Kargar Sports Complex in Masjed Soleyman. Airstrikes took place in several other places throughout Iran, including Ahvaz , Chabahar , Rasht , and Yazd . A powerful early morning explosion in Tehran briefly lit up the sky in the area. Ebrahim Mortazavi-Nasb, a Basij commander, was killed in an airstrike. Buildings were destroyed in an airstrike in the Alborz province .",https://en.wikipedia.org/wiki/Timeline_of_the_2026_Iran_war#22_March,2026-07-17T02:45:35,0,
wt_0154,wikipedia_timeline,3/22/2026,22-Mar,Iranian and Iran-aligned strikes,p,"Iranian missile attacks injured 15 people across central Israel. A Hezbollah rocket strike hit a car in Misgav Am , killing a man.",https://en.wikipedia.org/wiki/Timeline_of_the_2026_Iran_war#22_March,2026-07-17T02:45:35,0,
wt_0155,wikipedia_timeline,3/23/2026,23-Mar,US–Israeli strikes,p,"HRANA recorded 379 attacks in 20 provinces, and at least 175 casualties including 38 civilians killed and 138 injured. A majority of the day's attacks were carried out on Tehran. Targets hit included an air force base, a gas company and residential buildings in Tehran, bases and garrisons in Garmdareh, Khorramabad and Bushehr, the Shohada-ye Pasdar School in Khorramabad and the Velayat Cultural Center in Shahr-e Rey.",https://en.wikipedia.org/wiki/Timeline_of_the_2026_Iran_war#23_March,2026-07-17T02:45:35,0,
wt_0156,wikipedia_timeline,3/23/2026,23-Mar,Iran-aligned strikes,p,"Seven rockets were launched by a pro-Iranian Iraqi militia at a base in the Al-Hasakah Governorate , which was recently vacated by American forces.",https://en.wikipedia.org/wiki/Timeline_of_the_2026_Iran_war#23_March,2026-07-17T02:45:35,0,
wt_0157,wikipedia_timeline,3/23/2026,23-Mar,Other developments,p,"President Trump postponed US strikes against Iranian powerplants for five days amid ""productive"" negotiations. Iran denied Trump's claims about productive conversations and its Foreign Ministry stated that there will be no negotiations until Iran's goals have been achieved. Eyewitnesses in Iran described Basij patrols and security checkpoints stationed overnight throughout the country.",https://en.wikipedia.org/wiki/Timeline_of_the_2026_Iran_war#23_March,2026-07-17T02:45:35,0,
wt_0158,wikipedia_timeline,3/24/2026,24-Mar,US–Israeli strikes,p,"HRANA recorded 108 attacks in 10 provinces, and at least 61 casualties including 12 civilians killed and 38 injured. The heaviest strikes were in Khuzestan and Isfahan. Strikes hit missile sites in Tabriz and Borazjan, military industries, a gas company facility and civilian businesses in Isfahan, a gas pipeline in Khorramshahr, a sports complex in Andimeshk, and a Basij base and residential buildings in Tehran. Airstrikes were also reported in Shahin Shahr , Najafabad , the Jowzdan industrial zone, and Bandar Kangan . An overnight US strike on a base in Al Anbar killed at least 15 and injured 30 members of the Iraqi Popular Mobilization Forces . The group announced the death of Saad Dawai, its operations commander in Anbar . A strike also hit the home of PMF leader Falih al-Fayyadh in Mosul .",https://en.wikipedia.org/wiki/Timeline_of_the_2026_Iran_war#24_March,2026-07-17T02:45:35,0,
wt_0159,wikipedia_timeline,3/24/2026,24-Mar,Iranian strikes,p,"Iranian missiles were launched at targets in Tel Aviv , Eilat , Dimona and Haifa . Several people were injured. Kuwait reported damage to power lines due to Iranian attacks. Iranian missiles were intercepted over Beirut , resulting in minor injuries. A worker from Morocco was killed and several soldiers injured during an Iranian drone attack on Bahrain .",https://en.wikipedia.org/wiki/Timeline_of_the_2026_Iran_war#24_March,2026-07-17T02:45:35,0,
wt_0160,wikipedia_timeline,3/24/2026,24-Mar,Other developments,p,Iran appointed Mohammad Bagher Zolghadr as secretary of the Supreme National Security Council following the assassination of Ali Larijani .,https://en.wikipedia.org/wiki/Timeline_of_the_2026_Iran_war#24_March,2026-07-17T02:45:35,0,
wt_0161,wikipedia_timeline,3/25/2026,25-Mar,,li,"Iranian drones set a fuel depot on Kuwait's international airport on fire, while security forces reported that another six drones were intercepted.",https://en.wikipedia.org/wiki/Timeline_of_the_2026_Iran_war#25_March,2026-07-17T02:45:35,0,
wt_0162,wikipedia_timeline,3/25/2026,25-Mar,,li,"An Iranian missile was intercepted over Jordan , with debris coming down near the capital Amman . The IDF reported at least one rocket intercepted.",https://en.wikipedia.org/wiki/Timeline_of_the_2026_Iran_war#25_March,2026-07-17T02:45:35,0,
wt_0163,wikipedia_timeline,3/25/2026,25-Mar,,li,An Iranian missile impacted on a field near Israel's largest powerplant near Hadera . No injuries or damages were reported.,https://en.wikipedia.org/wiki/Timeline_of_the_2026_Iran_war#25_March,2026-07-17T02:45:35,0,
wt_0164,wikipedia_timeline,3/25/2026,25-Mar,,li,11 people in northwestern Iran were killed by airstrikes.,https://en.wikipedia.org/wiki/Timeline_of_the_2026_Iran_war#25_March,2026-07-17T02:45:35,0,
wt_0165,wikipedia_timeline,3/25/2026,25-Mar,,li,Two sites in Tehran that produced cruise missiles were destroyed by airstrikes.,https://en.wikipedia.org/wiki/Timeline_of_the_2026_Iran_war#25_March,2026-07-17T02:45:35,0,
wt_0166,wikipedia_timeline,3/25/2026,25-Mar,,li,"Overnight strikes were reported in numerous Iranian cities, including Chabahar , Nowshahr , and Larestan .",https://en.wikipedia.org/wiki/Timeline_of_the_2026_Iran_war#25_March,2026-07-17T02:45:35,0,
wt_0167,wikipedia_timeline,3/25/2026,25-Mar,,li,Israel says it destroyed a naval research center in Isfahan.,https://en.wikipedia.org/wiki/Timeline_of_the_2026_Iran_war#25_March,2026-07-17T02:45:35,0,
wt_0168,wikipedia_timeline,3/25/2026,25-Mar,,li,Iran claimed that it had fired Qader cruise missiles against USS Abraham Lincoln . The ship was not harmed.,https://en.wikipedia.org/wiki/Timeline_of_the_2026_Iran_war#25_March,2026-07-17T02:45:35,0,
wt_0169,wikipedia_timeline,3/25/2026,25-Mar,,li,"Seven Iraqi Army soldiers were killed in a U.S airstrike near a PMF site in western Anbar, Iraq.",https://en.wikipedia.org/wiki/Timeline_of_the_2026_Iran_war#25_March,2026-07-17T02:45:35,0,
wt_0170,wikipedia_timeline,3/26/2026,26-Mar,US–Israeli strikes,li,"The IDF announced that Navy Commander of the IRGC, Alireza Tangsiri , was killed by a strike in Bandar Abbas . This was later confirmed by the IRGC.",https://en.wikipedia.org/wiki/Timeline_of_the_2026_Iran_war#26_March,2026-07-17T02:45:35,0,
wt_0171,wikipedia_timeline,3/26/2026,26-Mar,US–Israeli strikes,li,"Iranian media reported two teenagers were killed in Shiraz during an US–Israeli attack on a residental area. Further attacks were reported from Iranian towns of Bandar Abbas, Karaj , Mashhad and Taybad .",https://en.wikipedia.org/wiki/Timeline_of_the_2026_Iran_war#26_March,2026-07-17T02:45:35,0,
wt_0173,wikipedia_timeline,3/26/2026,26-Mar,Iranian strikes,li,"Iran claimed to have shot down an F/A-18 over Chabahar . US CENTCOM denied the shootdown, stating that no US aircraft had been hit by Iranian missiles.",https://en.wikipedia.org/wiki/Timeline_of_the_2026_Iran_war#26_March,2026-07-17T02:45:35,0,
wt_0174,wikipedia_timeline,3/26/2026,26-Mar,Iranian strikes,li,Debris from an intercepted Iranian missile killed two civilians in Abu Dhabi .,https://en.wikipedia.org/wiki/Timeline_of_the_2026_Iran_war#26_March,2026-07-17T02:45:35,0,
wt_0175,wikipedia_timeline,3/26/2026,26-Mar,Other developments,li,"According to the open-source-intelligence investigative journalism group Bellingcat , the US apparently deployed what experts identified as BLU-91/B antitank landmines from a GATOR scatterable mine system over the village of Kafari , located near the southern Iranian city of Shiraz , early in the morning. No party in the war was known to possess the system besides the US, which had not used scatterable antitank landmines in conflict since the Gulf War in 1991 and had last used an antipersonnel mine in a single incident in 2002 during the War in Afghanistan . Photographs and videos of the landmines were posted on social media by state-controlled Islamic Republic of Iran Broadcasting , semi-official Tasnim News Agency , and Canadian independent journalist Dimitri Lascaris , who was accompanied by representatives of the Iranian government. Tasnim News Agency reported that the landmines had caused multiple casualties and published images of them that showed the presence of aeroballistic adapters, indicating that they had been scattered by an aircraft-dropped dispenser. Lascaris said that he had seen four landmines while touring Kafari and posted footage of a bloodstain where witnesses said that a 31-year-old father had been killed by one of the landmines, which are prone to detonating when moved, after picking it up near his vehicle. The landmines may have been deployed in Kafari to prevent vehicles from accessing Shiraz South Missile Base , which was located about two kilometers away from some of the landmines.",https://en.wikipedia.org/wiki/Timeline_of_the_2026_Iran_war#26_March,2026-07-17T02:45:35,0,
wt_0176,wikipedia_timeline,3/26/2026,26-Mar,Other developments,li,"Rahim Nadali, an official from the Iranian Revolutionary Guards Corps , announced the ""For Iran"" initiative which allows children as young as 12 to be recruited into the IRGC in security-related roles.",https://en.wikipedia.org/wiki/Timeline_of_the_2026_Iran_war#26_March,2026-07-17T02:45:35,0,
wt_0177,wikipedia_timeline,3/26/2026,26-Mar,Other developments,li,"Donald Trump claimed that the Iranian leadership was ""begging"" for a peace deal and declares opposing Iranian government statements as false and hinted that Iranian negotiators don't go public because they fear their own people.",https://en.wikipedia.org/wiki/Timeline_of_the_2026_Iran_war#26_March,2026-07-17T02:45:35,0,
wt_0178,wikipedia_timeline,3/26/2026,26-Mar,Other developments,li,"Two IDF soldiers of the Golani Brigade were killed in clashes with Hezbollah fighters in southern Lebanon, bringing the total of Israeli soldiers killed since the start of the invasion of Lebanon to 4.",https://en.wikipedia.org/wiki/Timeline_of_the_2026_Iran_war#26_March,2026-07-17T02:45:35,0,
wt_0179,wikipedia_timeline,3/26/2026,26-Mar,Other developments,li,Israel`s president Benjamin Netanyahu claimed in mid May 2026 to have met UAE leader Sheikh Mohamed bin Zayed Al Nahyan during a secret visit on 26 March in the remote desert location Al Ain . UAE officials denied the claim.,https://en.wikipedia.org/wiki/Timeline_of_the_2026_Iran_war#26_March,2026-07-17T02:45:35,0,
wt_0180,wikipedia_timeline,3/27/2026,27-Mar,,li,"IDF reported 4 missile salvos were fired from Iran on targets in Israel since the early morning, with most being intercepted and the rest causing no casualties.",https://en.wikipedia.org/wiki/Timeline_of_the_2026_Iran_war#27_March,2026-07-17T02:45:35,0,
wt_0181,wikipedia_timeline,3/27/2026,27-Mar,,li,"Kuwait reported an attack by drones on Shuwaikh Port , and drones and missiles on Mubarak Al Kabeer Port causing material damage but no human casualties.",https://en.wikipedia.org/wiki/Timeline_of_the_2026_Iran_war#27_March,2026-07-17T02:45:35,0,
wt_0182,wikipedia_timeline,3/27/2026,27-Mar,,li,UAE authorities reported six ballistic missiles and nine drones from Iran were intercepted.,https://en.wikipedia.org/wiki/Timeline_of_the_2026_Iran_war#27_March,2026-07-17T02:45:35,0,
wt_0183,wikipedia_timeline,3/27/2026,27-Mar,,li,"Israeli strikes hit the factories of Mobarakeh Steel Company and Khouzestan Steel Company , located respectively in Isfahan and Ahvaz . Israel stated that these facilities were part of Iran's military-industrial complex and were partially controlled by the IRGC. Later, strikes hit a yellowcake plant near Yazd and the IR-40 heavy water reactor in Arak .",https://en.wikipedia.org/wiki/Timeline_of_the_2026_Iran_war#27_March,2026-07-17T02:45:35,0,
wt_0184,wikipedia_timeline,3/27/2026,27-Mar,,li,The IDF said that it struck a major missile and naval mine production site in Yazd.,https://en.wikipedia.org/wiki/Timeline_of_the_2026_Iran_war#27_March,2026-07-17T02:45:35,0,
wt_0185,wikipedia_timeline,3/27/2026,27-Mar,,li,"An Iranian cluster bomb attack impacted six sites across central Israel, killing one person in Ramat Gan and injuring three others.",https://en.wikipedia.org/wiki/Timeline_of_the_2026_Iran_war#27_March,2026-07-17T02:45:35,0,
wt_0186,wikipedia_timeline,3/27/2026,27-Mar,,li,"An Iranian missile and drone strike on Prince Sultan Air Base damaged several US refueling aircraft and injured fifteen US soldiers, including five critically. An E-3 Sentry was also damaged by the strike. It was also reported that an attack earlier that week injured 14 US soldiers.",https://en.wikipedia.org/wiki/Timeline_of_the_2026_Iran_war#27_March,2026-07-17T02:45:35,0,
wt_0187,wikipedia_timeline,3/27/2026,27-Mar,,li,Iran's Ministry of Health claimed that over 230 children had been killed in US–Israeli attacks in the first month of the war.,https://en.wikipedia.org/wiki/Timeline_of_the_2026_Iran_war#27_March,2026-07-17T02:45:35,0,
wt_0188,wikipedia_timeline,3/28/2026,28-Mar,,li,"A Houthi ballistic missile was launched from Yemen toward Beersheba in Southern Israel after its military spokesman gave a speech. A Houthi cruise missile targeting Israel was intercepted hours later, and a drone from Yemen was intercepted near Eilat .",https://en.wikipedia.org/wiki/Timeline_of_the_2026_Iran_war#28_March,2026-07-17T02:45:35,0,
wt_0189,wikipedia_timeline,3/28/2026,28-Mar,,li,Port installations in Salalah in southern Oman were hit by two drones. One worker was reported injured. Iran said that it targeted a logistics vessel belonging to US military in the vicinity of the port.,https://en.wikipedia.org/wiki/Timeline_of_the_2026_Iran_war#28_March,2026-07-17T02:45:35,0,
wt_0190,wikipedia_timeline,3/28/2026,28-Mar,,li,Iran said that it targeted a Ukrainian anti-drone system depot in Dubai which it said was used to assist American forces.,https://en.wikipedia.org/wiki/Timeline_of_the_2026_Iran_war#28_March,2026-07-17T02:45:35,0,
wt_0191,wikipedia_timeline,3/28/2026,28-Mar,,li,"Iranian drones hit Kuwait international airport and damaged its radar system. The fire, which had been burning in the airports fuel depot for 3 days, was finally extinguished.",https://en.wikipedia.org/wiki/Timeline_of_the_2026_Iran_war#28_March,2026-07-17T02:45:35,0,
wt_0192,wikipedia_timeline,3/28/2026,28-Mar,,li,The IDF said that it struck the headquarters of the Marine Industries Organization in Tehran alongside other arms manufacturing sites and air defenses.,https://en.wikipedia.org/wiki/Timeline_of_the_2026_Iran_war#28_March,2026-07-17T02:45:35,0,
wt_0193,wikipedia_timeline,3/28/2026,28-Mar,,li,A drone attack targeted the home of Kurdistan Region president Nechirvan Barzani in Duhok .,https://en.wikipedia.org/wiki/Timeline_of_the_2026_Iran_war#28_March,2026-07-17T02:45:35,0,
wt_0194,wikipedia_timeline,3/28/2026,28-Mar,,li,"An overnight strike in Tehran damaged buildings belonging to Iran University of Science and Technology . The IRGC to threatened to attack US universities in the region in response. Later, Israeli strikes reportedly hit a water reservoir in Haftkel and killed Ali Fouladvand, the head of the Organization of Defensive Innovation and Research 's research department, in Borujerd , along with members of his family. Fouladvand's death was later confirmed by Iranian media.",https://en.wikipedia.org/wiki/Timeline_of_the_2026_Iran_war#28_March,2026-07-17T02:45:35,0,
wt_0195,wikipedia_timeline,3/28/2026,28-Mar,,li,An Iranian ballistic missile strike in Eshtaol injured 19 people and damaged several homes.,https://en.wikipedia.org/wiki/Timeline_of_the_2026_Iran_war#28_March,2026-07-17T02:45:35,0,
wt_0197,wikipedia_timeline,3/28/2026,28-Mar,,li,"An Iranian attack struck Emirates Global Aluminium 's Al Taweelah site in Abu Dhabi, causing damage. Aluminium Bahrain also announced that it was attacked the day earlier, injuring two people.",https://en.wikipedia.org/wiki/Timeline_of_the_2026_Iran_war#28_March,2026-07-17T02:45:35,0,
wt_0198,wikipedia_timeline,3/28/2026,28-Mar,,li,A drone attack from Iraq targeting Syria's al-Tanf military base was intercepted.,https://en.wikipedia.org/wiki/Timeline_of_the_2026_Iran_war#28_March,2026-07-17T02:45:35,0,
wt_0201,wikipedia_timeline,3/28/2026,28-Mar,,li,"An IDF soldier of the Paratroopers Brigade was killed in a Hezbollah rocket attack in southern Lebanon, increasing the number of IDF soldiers killed since the start of the invasion to 5.",https://en.wikipedia.org/wiki/Timeline_of_the_2026_Iran_war#28_March,2026-07-17T02:45:35,0,
wt_0202,wikipedia_timeline,3/29/2026,29-Mar,,li,"Overnight drone attacks in Erbil , Iraq, targeted the home of Kurdistan Democratic Party leader Masoud Barzani , Iranian opposition headquarters, and a US base near Erbil International Airport .",https://en.wikipedia.org/wiki/Timeline_of_the_2026_Iran_war#29_March,2026-07-17T02:45:35,0,
wt_0203,wikipedia_timeline,3/29/2026,29-Mar,,li,"Explosions were reported in many places in Iran including Abad, Andisheh, District 15, Evin, Masoudieh, Nobonyad, Qaleh Hasan Khan, and Saadat.",https://en.wikipedia.org/wiki/Timeline_of_the_2026_Iran_war#29_March,2026-07-17T02:45:35,0,
wt_0204,wikipedia_timeline,3/29/2026,29-Mar,,li,Israel said it struck mobile command centers and places used to produce weapons in Tehran.,https://en.wikipedia.org/wiki/Timeline_of_the_2026_Iran_war#29_March,2026-07-17T02:45:35,0,
wt_0205,wikipedia_timeline,3/29/2026,29-Mar,,li,"Iranian parliament speaker Mohammad Bagher Ghalibaf rejected the ongoing negotiations with the United States, saying that Iran could not be forced into submission.",https://en.wikipedia.org/wiki/Timeline_of_the_2026_Iran_war#29_March,2026-07-17T02:45:35,0,
wt_0206,wikipedia_timeline,3/29/2026,29-Mar,,li,"An Iranian missile struck an ADAMA chemical facility in Ne'ot Hovav , injuring one person.",https://en.wikipedia.org/wiki/Timeline_of_the_2026_Iran_war#29_March,2026-07-17T02:45:35,0,
wt_0207,wikipedia_timeline,3/29/2026,29-Mar,,li,"Six people killed in US–Israeli attack on Iranian village; Five houses were destroyed, and 22 were severely damaged in the attack.",https://en.wikipedia.org/wiki/Timeline_of_the_2026_Iran_war#29_March,2026-07-17T02:45:35,0,
wt_0208,wikipedia_timeline,3/29/2026,29-Mar,,li,"Power was cut in parts of Tehran and Alborz province , including Karaj , after electrical infrastructure was damaged by shrapnel.",https://en.wikipedia.org/wiki/Timeline_of_the_2026_Iran_war#29_March,2026-07-17T02:45:35,0,
wt_0209,wikipedia_timeline,3/29/2026,29-Mar,,li,The International Atomic Energy Agency said that the IR-40 heavy water reactor was no longer operational after sustaining serious damage during the Israeli attack on 27 March.,https://en.wikipedia.org/wiki/Timeline_of_the_2026_Iran_war#29_March,2026-07-17T02:45:35,0,
wt_0210,wikipedia_timeline,3/29/2026,29-Mar,,li,Late on 29 March Iranian drones hit a military installation in Kuwait injuring 10 soldiers.,https://en.wikipedia.org/wiki/Timeline_of_the_2026_Iran_war#29_March,2026-07-17T02:45:35,0,
wt_0211,wikipedia_timeline,3/29/2026,29-Mar,,li,"Explosions and strikes were reported in many places in Iran, including Kish Island , Qeshm Island , and Bandar Abbas in Hormozgan province , in Babol in Mazandaran province , in Dehgolan in Kurdistan province , and in Tabriz in East Azarbaijan province .",https://en.wikipedia.org/wiki/Timeline_of_the_2026_Iran_war#29_March,2026-07-17T02:45:35,0,
wt_0212,wikipedia_timeline,3/30/2026,30-Mar,,p,30-Mar-26,https://en.wikipedia.org/wiki/Timeline_of_the_2026_Iran_war#30_March,2026-07-17T02:45:35,0,
wt_0213,wikipedia_timeline,3/30/2026,30-Mar,,li,"Alleged Iranian drones hit a power plant and a desalination plant in Kuwait, caused damage to buildings and killed one worker. Iran accused the Israeli government of attacking the plant, without providing evidence.",https://en.wikipedia.org/wiki/Timeline_of_the_2026_Iran_war#30_March,2026-07-17T02:45:35,0,
wt_0214,wikipedia_timeline,3/30/2026,30-Mar,,li,"Debris from an intercepted missile struck the BAZAN oil refinery in Haifa, hitting a fuel tanker and damaging a nearby roof.",https://en.wikipedia.org/wiki/Timeline_of_the_2026_Iran_war#30_March,2026-07-17T02:45:35,0,
wt_0215,wikipedia_timeline,3/30/2026,30-Mar,,li,The IDF said that it struck an IRGC weapons research and testing site at Imam Hossein University in Tehran.,https://en.wikipedia.org/wiki/Timeline_of_the_2026_Iran_war#30_March,2026-07-17T02:45:35,0,
wt_0216,wikipedia_timeline,3/30/2026,30-Mar,,li,"An Iranian missile was shot down by NATO air defenses over Turkish airspace. Iran denied firing missile at Turkey, saying that it was a false flag attack.",https://en.wikipedia.org/wiki/Timeline_of_the_2026_Iran_war#30_March,2026-07-17T02:45:35,0,
wt_0217,wikipedia_timeline,3/30/2026,30-Mar,,li,"The US began using for the first time B-52 bombers, over Iranian territory.",https://en.wikipedia.org/wiki/Timeline_of_the_2026_Iran_war#30_March,2026-07-17T02:45:35,0,
wt_0218,wikipedia_timeline,3/31/2026,31-Mar,,p,31-Mar-26,https://en.wikipedia.org/wiki/Timeline_of_the_2026_Iran_war#31_March,2026-07-17T02:45:35,0,
wt_0219,wikipedia_timeline,3/31/2026,31-Mar,,li,A power outage in much of Eastern Tehran was caused by rubble hitting a power substation.,https://en.wikipedia.org/wiki/Timeline_of_the_2026_Iran_war#31_March,2026-07-17T02:45:35,0,
wt_0220,wikipedia_timeline,3/31/2026,31-Mar,,li,Heavy airstrikes were reported in the Vardavard neighborhood in western Tehran.,https://en.wikipedia.org/wiki/Timeline_of_the_2026_Iran_war#31_March,2026-07-17T02:45:35,0,
wt_0221,wikipedia_timeline,3/31/2026,31-Mar,,li,The US dropped bunker buster bombs on an underground ammunition depot in Isfahan.,https://en.wikipedia.org/wiki/Timeline_of_the_2026_Iran_war#31_March,2026-07-17T02:45:35,0,
wt_0222,wikipedia_timeline,3/31/2026,31-Mar,,li,The fully loaded crude oil tanker Al Salmi (IMO 9534793) was hit by an alleged Iranian drone on it's starboard side near Dubai Port and caught fire.,https://en.wikipedia.org/wiki/Timeline_of_the_2026_Iran_war#31_March,2026-07-17T02:45:35,0,
wt_0223,wikipedia_timeline,3/31/2026,31-Mar,,li,"IDF reported three Iranian missile attacks on Israel. Damage by cluster bombs was done in Bnei Brak, Ramat Gan and Petah Tikva, eight people were reported injured.",https://en.wikipedia.org/wiki/Timeline_of_the_2026_Iran_war#31_March,2026-07-17T02:45:35,0,
wt_0224,wikipedia_timeline,3/31/2026,31-Mar,,li,The Mobarakeh Steel Company factory in Isfahan was hit by airstrikes.,https://en.wikipedia.org/wiki/Timeline_of_the_2026_Iran_war#31_March,2026-07-17T02:45:35,0,
wt_0225,wikipedia_timeline,3/31/2026,31-Mar,,li,"The IDF said that it struck a factory owned by the Tofiq Daru Company that was used to produce and supply substances such as fentanyl to the Organization of Defensive Innovation and Research for use in Iran's alleged chemical weapons program. Iran denied Israeli claims, saying that fentanyl factory was only supplying hospital drugs.",https://en.wikipedia.org/wiki/Timeline_of_the_2026_Iran_war#31_March,2026-07-17T02:45:35,0,
wt_0226,wikipedia_timeline,3/31/2026,31-Mar,,li,"A second tanker, Aqua 1 (IMO 9573660), was reported to have been hit late on 31 March by projectiles on it's port side 17 nmi north of Dubai. One exploded above waterline, causing a minor fire, while the other one failed to explode and got lodged in the engine room area.",https://en.wikipedia.org/wiki/Timeline_of_the_2026_Iran_war#31_March,2026-07-17T02:45:35,0,
wt_0227,wikipedia_timeline,3/31/2026,31-Mar,,li,"The IDF said that it killed the commander of the Quds Force Lebanon Corps' engineering branch in an airstrike in Mahallat , adding that he led the construction of dozens of underground structures for Hezbollah and the Assad regime .",https://en.wikipedia.org/wiki/Timeline_of_the_2026_Iran_war#31_March,2026-07-17T02:45:35,0,
wt_0228,wikipedia_timeline,3/31/2026,31-Mar,,li,"Iran confirmed the death of brigadier general Jamshid Eshaghi , who led the Iranian General Staff 's budgeting and financial affairs and was killed alongside members of his family.",https://en.wikipedia.org/wiki/Timeline_of_the_2026_Iran_war#31_March,2026-07-17T02:45:35,0,
wt_0229,wikipedia_timeline,4/1/2026,1-Apr,,li,"A fuel storage at Kuwait International Airport was hit by Iranian drones, causing a major fire.",https://en.wikipedia.org/wiki/Timeline_of_the_2026_Iran_war#1_April,2026-07-17T02:45:35,0,
wt_0230,wikipedia_timeline,4/1/2026,1-Apr,,li,"Israel reported four missile barrages fired from Iran, with impacts of cluster munition reported from Bnei Brak and Tel Aviv, injuring 14 people.",https://en.wikipedia.org/wiki/Timeline_of_the_2026_Iran_war#1_April,2026-07-17T02:45:35,0,
wt_0231,wikipedia_timeline,4/1/2026,1-Apr,,li,IDF reported a missile launched by Houthi militias was intercepted.,https://en.wikipedia.org/wiki/Timeline_of_the_2026_Iran_war#1_April,2026-07-17T02:45:35,0,
wt_0232,wikipedia_timeline,4/1/2026,1-Apr,,li,"Several waves of drones targeted a factory which produced motor oils in Erbil Iraq, causing a major fire.",https://en.wikipedia.org/wiki/Timeline_of_the_2026_Iran_war#1_April,2026-07-17T02:45:35,0,
wt_0233,wikipedia_timeline,4/1/2026,1-Apr,,li,"A US strike in Tehran reportedly damaged the former US embassy , which was converted into a museum following its takeover during the Iranian Revolution . The St. Nicholas Orthodox Church was also damaged.",https://en.wikipedia.org/wiki/Timeline_of_the_2026_Iran_war#1_April,2026-07-17T02:45:35,0,
wt_0235,wikipedia_timeline,4/1/2026,1-Apr,,li,"Two US MQ-9 Reaper drones were shot down by Iran near Isfahan , bringing the total number of MQ-9s lost during the war to 16.",https://en.wikipedia.org/wiki/Timeline_of_the_2026_Iran_war#1_April,2026-07-17T02:45:35,0,
wt_0236,wikipedia_timeline,4/1/2026,1-Apr,,li,Iranian outlet Nournews reported that former foreign minister Kamal Kharazi was seriously injured and his wife was killed in an airstrike which hit his home.,https://en.wikipedia.org/wiki/Timeline_of_the_2026_Iran_war#1_April,2026-07-17T02:45:35,0,
wt_0237,wikipedia_timeline,4/1/2026,1-Apr,,li,"Mohammad Ali Fathalizadeh, commander of the IRGC's Fatehin unit, was killed by an airstrike.",https://en.wikipedia.org/wiki/Timeline_of_the_2026_Iran_war#1_April,2026-07-17T02:45:35,0,
wt_0240,wikipedia_timeline,4/2/2026,2-Apr,,li,Iraq began exporting crude by tanker trucks through Syria to Mediterranean ports such as Baniyas .,https://en.wikipedia.org/wiki/Timeline_of_the_2026_Iran_war#2_April,2026-07-17T02:45:35,0,
wt_0241,wikipedia_timeline,4/2/2026,2-Apr,,li,Buildings of the Pasteur Institute of Iran were destroyed by an air attack.,https://en.wikipedia.org/wiki/Timeline_of_the_2026_Iran_war#2_April,2026-07-17T02:45:35,0,
wt_0242,wikipedia_timeline,4/2/2026,2-Apr,,li,"A fuel tank near Mashhad International Airport was struck by a projectile, sparking a fire.",https://en.wikipedia.org/wiki/Timeline_of_the_2026_Iran_war#2_April,2026-07-17T02:45:35,0,
wt_0243,wikipedia_timeline,4/2/2026,2-Apr,,li,"An Iranian strike targeted an Amazon cloud computing facility in Bahrain, causing a fire. Iran also said it attacked US fighter jets at Jordan's Al Azraq Air Base with drones. The IRGC later said that it targeted an Oracle data center in Dubai, although the city denied this.",https://en.wikipedia.org/wiki/Timeline_of_the_2026_Iran_war#2_April,2026-07-17T02:45:35,0,
wt_0244,wikipedia_timeline,4/2/2026,2-Apr,,li,The IDF said that it killed the commander of Iran's ballistic missiles unit in Kermanshah and three other battalion commanders.,https://en.wikipedia.org/wiki/Timeline_of_the_2026_Iran_war#2_April,2026-07-17T02:45:35,0,
wt_0245,wikipedia_timeline,4/2/2026,2-Apr,,li,An Iranian ballistic missile strike damaged an Israeli drone factory in Petah Tikva .,https://en.wikipedia.org/wiki/Timeline_of_the_2026_Iran_war#2_April,2026-07-17T02:45:35,0,
wt_0246,wikipedia_timeline,4/3/2026,3-Apr,,li,Iranian drones hit the Mina Al-Ahmadi refinery in Kuwait and set it on fire in multiple locations.,https://en.wikipedia.org/wiki/Timeline_of_the_2026_Iran_war#3_April,2026-07-17T02:45:35,0,
wt_0247,wikipedia_timeline,4/3/2026,3-Apr,,li,"Explosions were reported in many places across Iran, including Alborz, Bushehr, Fars, Isfahan, Khuzestan, and Tehran.",https://en.wikipedia.org/wiki/Timeline_of_the_2026_Iran_war#3_April,2026-07-17T02:45:35,0,
wt_0248,wikipedia_timeline,4/3/2026,3-Apr,,li,Kuwait authorities reported Iranian drones damaged a desalination plant.,https://en.wikipedia.org/wiki/Timeline_of_the_2026_Iran_war#3_April,2026-07-17T02:45:35,0,
wt_0249,wikipedia_timeline,4/3/2026,3-Apr,,li,Abu Dhabi media office reported debris from an interception caused a fire in the Habshan gas facility. An Egyptian citizen was killed and four other foreign nationals were injured by interception debris.,https://en.wikipedia.org/wiki/Timeline_of_the_2026_Iran_war#3_April,2026-07-17T02:45:35,0,
wt_0250,wikipedia_timeline,4/3/2026,3-Apr,,li,"Iranian forces shot down a US Air Force F-15E Strike Eagle fighter jet over the country, prompting a search and rescue mission by US helicopters. Both of the two crew members were rescued by US forces. Two US MC-130 Hercules , an A-10 aircraft and 4 helicopters were destroyed in the operation.",https://en.wikipedia.org/wiki/Timeline_of_the_2026_Iran_war#3_April,2026-07-17T02:45:35,0,
wt_0252,wikipedia_timeline,4/3/2026,3-Apr,,li,Iranian cluster munitions caused extensive damage in Kiryat Ata and injured one person.,https://en.wikipedia.org/wiki/Timeline_of_the_2026_Iran_war#3_April,2026-07-17T02:45:35,0,
wt_0253,wikipedia_timeline,4/3/2026,3-Apr,,li,Israel claims to have killed Iranian missile commander Makram Azimi in Kermanshah province .,https://en.wikipedia.org/wiki/Timeline_of_the_2026_Iran_war#3_April,2026-07-17T02:45:35,0,
wt_0254,wikipedia_timeline,4/3/2026,3-Apr,,li,The Israeli government extended operational reserve duty for current and future reservists to approximately nine weeks.,https://en.wikipedia.org/wiki/Timeline_of_the_2026_Iran_war#3_April,2026-07-17T02:45:35,0,
wt_0256,wikipedia_timeline,4/3/2026,3-Apr,,li,Iranian media reported that Iran executed two men linked to Mojahedin-e-Khalq for planning to carry out attacks across the country.,https://en.wikipedia.org/wiki/Timeline_of_the_2026_Iran_war#3_April,2026-07-17T02:45:35,0,
wt_0257,wikipedia_timeline,4/3/2026,3-Apr,,li,"Israel says it killed Mohammadreza Ashrafi, senior IRGC official responsible for the oil headquarters.",https://en.wikipedia.org/wiki/Timeline_of_the_2026_Iran_war#3_April,2026-07-17T02:45:35,0,
wt_0258,wikipedia_timeline,4/4/2026,4-Apr,,li,"Iranian missile attacks on Israel with cluster munitions damaging buildings and roads were reported from Bnei Brak, Ramat Gan , Tel Aviv and Petah Tikva . One of those cluster bombs hit in the vicinity of the IDF's Kirya headquarters in Tel Aviv . The home of United Torah Judaism leader Moshe Gafni in Bnei Brak was also hit by a cluster munition.",https://en.wikipedia.org/wiki/Timeline_of_the_2026_Iran_war#4_April,2026-07-17T02:45:35,0,
wt_0259,wikipedia_timeline,4/4/2026,4-Apr,,li,Iranian media reported an air attack on a cement factory in Bandar Khamir .,https://en.wikipedia.org/wiki/Timeline_of_the_2026_Iran_war#4_April,2026-07-17T02:45:35,0,
wt_0260,wikipedia_timeline,4/4/2026,4-Apr,,li,"A strike hit a building near the Bushehr Nuclear Power Plant in Iran, killing one of its security guards. Israeli strikes also hit petrochemical sites in Khuzestan province, injuring five people. Iranian press reported US–Israeli strikes did hit the Bandar-e Mahshahr and Bandar Imam petrochemical zones as well as petrochemical industries in Fajr, Rejal, and Amir-Kabir. Five people were killed and 170 others were injured in the strikes in Mahshahr, according to Iranian media.",https://en.wikipedia.org/wiki/Timeline_of_the_2026_Iran_war#4_April,2026-07-17T02:45:35,0,
wt_0263,wikipedia_timeline,4/5/2026,5-Apr,,li,"After heavy fighting, the missing weapon systems officer (WSO) from the downed F-15E was successfully recovered by US commandos. The temporary US forward operating base in Iran, established to rescue the WSO, was evacuated and two C-130s and at least one MH-6 Little Bird were left behind and destroyed by the retreating US forces.",https://en.wikipedia.org/wiki/Timeline_of_the_2026_Iran_war#5_April,2026-07-17T02:45:35,0,
wt_0264,wikipedia_timeline,4/5/2026,5-Apr,,li,"Explosions and overhead flights were reported overnight in many provinces, including Alborz , Boyer-Ahmad , Bushehr , Fars , Gilan , Hormozgan , Isfahan , Khuzestan , Kohgiluyeh , and Mazandaran .",https://en.wikipedia.org/wiki/Timeline_of_the_2026_Iran_war#5_April,2026-07-17T02:45:35,0,
wt_0265,wikipedia_timeline,4/5/2026,5-Apr,,li,Iranian drones hit a BAPCO oil storage facility in Bahrain and set it on fire. Further drone attacks hit the Shuwaikh Oil Sector Complex and a desalination plant in Kuwait.,https://en.wikipedia.org/wiki/Timeline_of_the_2026_Iran_war#5_April,2026-07-17T02:45:35,0,
wt_0266,wikipedia_timeline,4/5/2026,5-Apr,,li,"The IDF said that it killed Mohammad Reza Ashrafi Kahi, who was the Head of Commerce at the IRGC Oil Headquarters.",https://en.wikipedia.org/wiki/Timeline_of_the_2026_Iran_war#5_April,2026-07-17T02:45:35,0,
wt_0267,wikipedia_timeline,4/5/2026,5-Apr,,li,"An Iranian missile strike hit a residential building in Haifa , killing four people . Nine people were injured in the attack, one seriously.",https://en.wikipedia.org/wiki/Timeline_of_the_2026_Iran_war#5_April,2026-07-17T02:45:35,0,
wt_0268,wikipedia_timeline,4/5/2026,5-Apr,,li,"Iran announced that the number of attacks on civilian centers in Israeli and American attacks (on Iran) was: 83,351 residential units. Also, 322 medical centers and 763 schools (in Iran) have been attacked so far.",https://en.wikipedia.org/wiki/Timeline_of_the_2026_Iran_war#5_April,2026-07-17T02:45:35,0,
wt_0269,wikipedia_timeline,4/6/2026,6-Apr,,li,"An Iranian missile barrage early in the morning impacted 15 areas, seriously injuring a woman in Petah Tikva and injuring two others in Tel Aviv. Four people were lightly wounded by a cluster bomb in Haifa .",https://en.wikipedia.org/wiki/Timeline_of_the_2026_Iran_war#6_April,2026-07-17T02:45:35,0,
wt_0270,wikipedia_timeline,4/6/2026,6-Apr,,li,"An airstrike hit two homes in Baharestan County , Tehran province , killing 23 people. Overnight strikes in Bandar Lengeh and Kong killed six people and injured 17 others. Five others were killed in Qom . Tehran's Sharif University of Technology was also struck.",https://en.wikipedia.org/wiki/Timeline_of_the_2026_Iran_war#6_April,2026-07-17T02:45:35,0,
wt_0271,wikipedia_timeline,4/6/2026,6-Apr,,li,"Debris from a missile interception fell on a Raneen Systems building in Mussafah , UAE, injuring a Ghanaian.",https://en.wikipedia.org/wiki/Timeline_of_the_2026_Iran_war#6_April,2026-07-17T02:45:35,0,
wt_0272,wikipedia_timeline,4/6/2026,6-Apr,,li,Explosions and attacks in the early morning were reported at a military site in northern Iran and in Khorramshahr .,https://en.wikipedia.org/wiki/Timeline_of_the_2026_Iran_war#6_April,2026-07-17T02:45:35,0,
wt_0273,wikipedia_timeline,4/6/2026,6-Apr,,li,"IRGC intelligence chief Majid Khademi was killed in an American-Israeli airstrike. Israel also said that it killed Yazdan Mir , the commander of the Quds Force's Unit 840.",https://en.wikipedia.org/wiki/Timeline_of_the_2026_Iran_war#6_April,2026-07-17T02:45:35,0,
wt_0274,wikipedia_timeline,4/6/2026,6-Apr,,li,"Iran said that it targeted US satellite equipment and munitions on Bubiyan Island , Kuwait using drones.",https://en.wikipedia.org/wiki/Timeline_of_the_2026_Iran_war#6_April,2026-07-17T02:45:35,0,
wt_0275,wikipedia_timeline,4/6/2026,6-Apr,,li,Four bodies were found during a search and rescue operation on a destroyed house hit by an Iranian missile in Haifa the day before.,https://en.wikipedia.org/wiki/Timeline_of_the_2026_Iran_war#6_April,2026-07-17T02:45:35,0,
wt_0276,wikipedia_timeline,4/6/2026,6-Apr,,li,"Israeli Minister of Defense Israel Katz said that the IDF struck Iran's most prominent petrochemical plant in Asaluyeh , causing major damage.",https://en.wikipedia.org/wiki/Timeline_of_the_2026_Iran_war#6_April,2026-07-17T02:45:35,0,
wt_0277,wikipedia_timeline,4/6/2026,6-Apr,,li,"The IDF said that it struck Mehrabad International Airport and two smaller airfields, destroying dozens of Iranian airplanes and helicopters.",https://en.wikipedia.org/wiki/Timeline_of_the_2026_Iran_war#6_April,2026-07-17T02:45:35,0,
wt_0278,wikipedia_timeline,4/6/2026,6-Apr,,li,"Iraqi security sources said that two people were killed after an Iranian drone strike on the village of Zarka Zoy , in the Darashakran district of Erbil Governorate .",https://en.wikipedia.org/wiki/Timeline_of_the_2026_Iran_war#6_April,2026-07-17T02:45:35,0,
wt_0279,wikipedia_timeline,4/6/2026,6-Apr,,li,15 Americans were wounded in an overnight Iranian drone strike on Ali Al Salem Air Base .,https://en.wikipedia.org/wiki/Timeline_of_the_2026_Iran_war#6_April,2026-07-17T02:45:35,0,
wt_0280,wikipedia_timeline,4/6/2026,6-Apr,,li,Trump threatened to send Iran 'back to the stone ages' if it does not reach a deal by the ultimatum he set.,https://en.wikipedia.org/wiki/Timeline_of_the_2026_Iran_war#6_April,2026-07-17T02:45:35,0,
wt_0281,wikipedia_timeline,4/6/2026,6-Apr,,li,"Up to 6 April, as a result of the US and Israeli attacks, damage(s) has also been done to sports federations and sports infrastructure in Iran. Among the damages are the following: the complete destruction of the 12,000-seat Azadi Hall , the camp of the national wrestling teams of the Iran , various parts of the Shooting Federation, parts of the Tennis Federation, the Hockey Federation building located in the Tehran Revolution Sports Complex, and the cycling and handball federations in Iran.",https://en.wikipedia.org/wiki/Timeline_of_the_2026_Iran_war#6_April,2026-07-17T02:45:35,0,
wt_0282,wikipedia_timeline,4/7/2026,7-Apr,,p,7-Apr-26,https://en.wikipedia.org/wiki/Timeline_of_the_2026_Iran_war#7_April,2026-07-17T02:45:35,0,
wt_0283,wikipedia_timeline,4/7/2026,7-Apr,,li,"Iranian drones hit a SABIC petrochemical complex in Jubail in Saudi Arabia, causing a fire.",https://en.wikipedia.org/wiki/Timeline_of_the_2026_Iran_war#7_April,2026-07-17T02:45:35,0,
wt_0284,wikipedia_timeline,4/7/2026,7-Apr,,li,"Overnight strikes were reported in the greater Tehran area, in Ahvaz , Chabahar , Jask , Shiraz , and Yazd , and near the Shahid Kalantari port, Tis port, and the Imam Ali base.",https://en.wikipedia.org/wiki/Timeline_of_the_2026_Iran_war#7_April,2026-07-17T02:45:35,0,
wt_0285,wikipedia_timeline,4/7/2026,7-Apr,,li,"The Rafi'-Nia synagogue in central Tehran was destroyed in an airstrike. The IDF admitted to conducting the strike, stating that it targeted a commander in the Khatam al-Anbiya Central Headquarters and regretted damage to the synagogue.",https://en.wikipedia.org/wiki/Timeline_of_the_2026_Iran_war#7_April,2026-07-17T02:45:35,0,
wt_0286,wikipedia_timeline,4/7/2026,7-Apr,,li,"The US said that it conducted strikes against military sites on Kharg Island , with Iranian media reporting several large explosions.",https://en.wikipedia.org/wiki/Timeline_of_the_2026_Iran_war#7_April,2026-07-17T02:45:35,0,
wt_0287,wikipedia_timeline,4/7/2026,7-Apr,,li,"A highway bridge connecting Hashtrud and Tabriz and a rail bridge in Kashan was hit in an airstrike, killing two people. The IDF later said that it bombed eight bridges across Iran used to transport military equipment.",https://en.wikipedia.org/wiki/Timeline_of_the_2026_Iran_war#7_April,2026-07-17T02:45:35,0,
wt_0288,wikipedia_timeline,4/7/2026,7-Apr,,li,"At least five people were killed after a rocket fired from Kuwait landed in Basra, southern Iraq.",https://en.wikipedia.org/wiki/Timeline_of_the_2026_Iran_war#7_April,2026-07-17T02:45:35,0,
wt_0289,wikipedia_timeline,4/7/2026,7-Apr,,li,"Iran distributes 180,000 iodine tablets to Bushehr residents as part of a crisis preparedness plan.",https://en.wikipedia.org/wiki/Timeline_of_the_2026_Iran_war#7_April,2026-07-17T02:45:35,0,
wt_0293,wikipedia_timeline,4/8/2026,8-Apr,,li,"Early morning, Iranian agencies reported explosions from Sirri Island and Lavan Island of unknown origin. The strike on Lavan island was later attributed to the UAE by press research from The Wall Street Journal in mid May 2026.",https://en.wikipedia.org/wiki/Timeline_of_the_2026_Iran_war#8_April,2026-07-17T02:45:35,0,
wt_0294,wikipedia_timeline,4/8/2026,8-Apr,,li,"Iranian missiles and drones were intercepted over the UAE, and Iranian drones also targeted energy infrastructure and desalination plants in Kuwait, causing serious damage. Two people were injured by shrapnel in Sitra , Bahrain.",https://en.wikipedia.org/wiki/Timeline_of_the_2026_Iran_war#8_April,2026-07-17T02:45:35,0,
wt_0295,wikipedia_timeline,4/8/2026,8-Apr,,li,"The Israeli air force launched the biggest wave of attacks against targets in Lebanon since the beginning of the conflict, hitting more than 100 sites. At least 254 people were killed and 837 injured. Hezbollah claimed responsibility for launching rockets towards north Israel as a response to ""cease-fire violations"".",https://en.wikipedia.org/wiki/Timeline_of_the_2026_Iran_war#8_April,2026-07-17T02:45:35,0,
wt_0299,wikipedia_timeline,4/9/2026,9-Apr,,li,"Kuwait announced that it was intercepting a drone attack on its territory that was targeting vital institutions. The Kuwait National Guard later announced that one of its sites were attacked, causing damage. Iran denied responsibility.",https://en.wikipedia.org/wiki/Timeline_of_the_2026_Iran_war#9_April,2026-07-17T02:45:35,0,
wt_0300,wikipedia_timeline,4/9/2026,9-Apr,,li,The US said that an Iran-backed militia conducted drone attacks near the Baghdad Diplomatic Support Center and Baghdad International Airport .,https://en.wikipedia.org/wiki/Timeline_of_the_2026_Iran_war#9_April,2026-07-17T02:45:35,0,
wt_0301,wikipedia_timeline,4/9/2026,9-Apr,,li,Former Iranian foreign minister Kamal Kharazi succumbed to wounds sustained by an airstrike on his home nine days prior.,https://en.wikipedia.org/wiki/Timeline_of_the_2026_Iran_war#9_April,2026-07-17T02:45:35,0,
wt_0303,wikipedia_timeline,4/10/2026,10-Apr,,li,"According to Iranian media Mehr News Agency , till 10 April 2026, 203 Iranian sports venues, including indoor arenas, swimming pools, artificial turf fields, and office buildings, have been damaged in US–Israeli attacks, with damage levels estimated to range from 2 to 100 percent.",https://en.wikipedia.org/wiki/Timeline_of_the_2026_Iran_war#10_April,2026-07-17T02:45:35,0,
wt_0305,wikipedia_timeline,4/12/2026,12-Apr,,li,"Early morning, local time in Islamabad , after some 20 hours of negotiations, US vice president JD Vance stated that Iranian negotiators didn't accept the terms the US representatives JD Vance, Jared Kushner and Steve Witkoff had laid out and that the talks have failed.",https://en.wikipedia.org/wiki/Timeline_of_the_2026_Iran_war#12_April,2026-07-17T02:45:35,0,
wt_0308,wikipedia_timeline,4/14/2026,14-Apr,,li,"The director of the Hind Rajab Foundation , reported that Daniel Ella , commander of the 52nd Battalion of the 401st Brigade which was involved in the killing of Hind Rajab , was seriously injured in southern Lebanon.",https://en.wikipedia.org/wiki/Timeline_of_the_2026_Iran_war#14_April,2026-07-17T02:45:35,0,
wt_0309,wikipedia_timeline,4/14/2026,14-Apr,,li,Iran was reported to have been digging underground to retrieve missile launchers.,https://en.wikipedia.org/wiki/Timeline_of_the_2026_Iran_war#14_April,2026-07-17T02:45:35,0,
wt_0315,wikipedia_timeline,4/19/2026,19-Apr,,li,"An explosive device was detonated in southern Lebanon, killing an Israeli soldier and injuring nine others.",https://en.wikipedia.org/wiki/Timeline_of_the_2026_Iran_war#19_April,2026-07-17T02:45:35,0,
wt_0316,wikipedia_timeline,4/19/2026,19-Apr,,li,An announcement by Donald Trump of a new round of talks in Islamabad is dismissed as false by Iran's Tasnim News Agency based on informed sources.,https://en.wikipedia.org/wiki/Timeline_of_the_2026_Iran_war#19_April,2026-07-17T02:45:35,0,
wt_0322,wikipedia_timeline,4/24/2026,24-Apr,,li,Iran said that it confiscated a vessel suspected of collaborating with American forces after the vessel committed violations and ignored warnings.,https://en.wikipedia.org/wiki/Timeline_of_the_2026_Iran_war#24_April,2026-07-17T02:45:35,0,
wt_0323,wikipedia_timeline,4/24/2026,24-Apr,,li,"Kuwait's defense ministry reported that two northern Kuwaiti border outposts were struck by fiber optic drones from Iraq, causing material damage but no casualties.",https://en.wikipedia.org/wiki/Timeline_of_the_2026_Iran_war#24_April,2026-07-17T02:45:35,0,
wt_0330,wikipedia_timeline,5/5/2026,5-May,,li,UAE's ministry of defence stated the country was again defending against a barrage of Iranian missiles and drones.,https://en.wikipedia.org/wiki/Timeline_of_the_2026_Iran_war#5_May,2026-07-17T02:45:35,0,
wt_0335,wikipedia_timeline,5/7/2026,7-May,,li,"The UAE said that its air defense systems intercepted two Iranian ballistic missiles and three drones, moderately wounding three people.",https://en.wikipedia.org/wiki/Timeline_of_the_2026_Iran_war#7_May,2026-07-17T02:45:35,0,
wt_0336,wikipedia_timeline,5/7/2026,7-May,,li,The US said that it conducted strikes on two empty oil tankers allegedly trying to reach Iran.,https://en.wikipedia.org/wiki/Timeline_of_the_2026_Iran_war#7_May,2026-07-17T02:45:35,0,
wt_0337,wikipedia_timeline,5/7/2026,7-May,,li,"Iranian officials stated that six individuals went missing and several others were wounded in US attacks which hit ""Iranian fishing and cargo vessels"" in the vicinity of Khasab .",https://en.wikipedia.org/wiki/Timeline_of_the_2026_Iran_war#7_May,2026-07-17T02:45:35,0,
wt_0338,wikipedia_timeline,5/8/2026,8-May,,li,Iranian state TV reported that the tanker Ocean Koi (IMO 9255933) was seized by Iranian forces.,https://en.wikipedia.org/wiki/Timeline_of_the_2026_Iran_war#8_May,2026-07-17T02:45:35,0,
wt_0340,wikipedia_timeline,5/9/2026,9-May,,li,"Security forces in Bahrain arrested 41 people, accused of conducting espionage on behalf of the Iranian IRGC.",https://en.wikipedia.org/wiki/Timeline_of_the_2026_Iran_war#9_May,2026-07-17T02:45:35,0,
wt_0341,wikipedia_timeline,5/10/2026,10-May,,li,"UAE and Kuwait reported drone incursions which were neutralized, and a fire allegedly broke out on a ship off Qatar after a drone strike.",https://en.wikipedia.org/wiki/Timeline_of_the_2026_Iran_war#10_May,2026-07-17T02:45:35,0,
wt_0342,wikipedia_timeline,5/13/2026,13-May,,li,The Indian-flagged small freighter Haji Ali reported to have been stricken by a drone or missile off the coast of Oman and sank. All 14 crewmembers were rescued by Omani authorities.,https://en.wikipedia.org/wiki/Timeline_of_the_2026_Iran_war#13_May,2026-07-17T02:45:35,0,
wt_0343,wikipedia_timeline,5/14/2026,14-May,,li,"UKMTO reported unauthorized personnel seized an unidentified ship 38 nautical miles (70 km; 44 mi) off Fujairah and moved it towards Iran. The ship was later identified as the Honduras-flagged Hui Chuan , which apparently functioned as a floating armory, storing weapons for PMC's .",https://en.wikipedia.org/wiki/Timeline_of_the_2026_Iran_war#14_May,2026-07-17T02:45:35,0,
wt_0344,wikipedia_timeline,5/17/2026,17-May,,li,A drone strike caused a fire at the edge of the UAE's Barakah nuclear power plant . No injuries or radiation leaks were reported.,https://en.wikipedia.org/wiki/Timeline_of_the_2026_Iran_war#17_May,2026-07-17T02:45:35,0,
wt_0345,wikipedia_timeline,5/17/2026,17-May,,li,"The Iranian police chief, Ahmad-Reza Radan , has said that more than 6,500 ""traitors and spies"" have been arrested since the start of the war.",https://en.wikipedia.org/wiki/Timeline_of_the_2026_Iran_war#17_May,2026-07-17T02:45:35,0,
wt_0346,wikipedia_timeline,5/18/2026,18-May,,li,"The New York Times reported that the IDF operated two ""covert"" outposts in Iraq's western desert and killed a shepherd and a soldier in a bid to hide one of the sites near the town of al-Nukhaib .",https://en.wikipedia.org/wiki/Timeline_of_the_2026_Iran_war#18_May,2026-07-17T02:45:35,0,
wt_0347,wikipedia_timeline,5/22/2026,22-May,,li,"Qatar assumed a mediator role in the war , despite suffering Iranian attacks . However, Pakistan remained the primary mediator.",https://en.wikipedia.org/wiki/Timeline_of_the_2026_Iran_war#22_May,2026-07-17T02:45:35,0,
wt_0348,wikipedia_timeline,5/24/2026,24-May,,li,Iranian media reported that the Iranian military intercepted an Israeli Orbiter surveillance drone in its Hormozgan province . Israel said that it was unaware of any such incident.,https://en.wikipedia.org/wiki/Timeline_of_the_2026_Iran_war#24_May,2026-07-17T02:45:35,0,
wt_0349,wikipedia_timeline,5/25/2026,25-May,,li,Iranian president Masoud Pezeshkian ordered to end the internet blackout.,https://en.wikipedia.org/wiki/Timeline_of_the_2026_Iran_war#25_May,2026-07-17T02:45:35,0,
wt_0351,wikipedia_timeline,5/26/2026,26-May,,li,Israeli troops move north of the Litani river in Lebanon and fights are reported in Zawtar al-Sharqiyah . IDF reported 100 strikes in the Beqaa Valley .,https://en.wikipedia.org/wiki/Timeline_of_the_2026_Iran_war#26_May,2026-07-17T02:45:35,0,
wt_0352,wikipedia_timeline,5/27/2026,27-May,,li,"US forces conducted another attack at a base on Iran's southern coastline. Iranian forces launched several drones, four of which were allegedly intercepted.",https://en.wikipedia.org/wiki/Timeline_of_the_2026_Iran_war#27_May,2026-07-17T02:45:35,0,
wt_0353,wikipedia_timeline,5/28/2026,28-May,,li,"Kuwait downed a ballistic missile launched at its territory. Iran said that it targeted the American base in Kuwait responsible for the attack on the previous day. Bloomberg News reported, citing a person familiar with the incident that debris from the downed Fateh-110 missile fell on Ali Al Salem Air Base , slightly injuring roughly five American soldiers and contractors and destroying one US MQ-9 Reaper drone and causing serious damage to at least one more.",https://en.wikipedia.org/wiki/Timeline_of_the_2026_Iran_war#28_May,2026-07-17T02:45:35,0,
wt_0354,wikipedia_timeline,6/1/2026,1-Jun,,li,"After increased US strikes on Iran and Israeli attacks in Lebanon, Iran announced to end all peace talks with the US.",https://en.wikipedia.org/wiki/Timeline_of_the_2026_Iran_war#1_June,2026-07-17T02:45:35,0,
wt_0355,wikipedia_timeline,6/1/2026,1-Jun,,li,"Israel promised not to hit Beirut's southern suburbs, and Hezbollah pledged not to attack Israel as part of a US proposal, with the cease-fire framework to be expanded to include the entirety of Lebanon.",https://en.wikipedia.org/wiki/Timeline_of_the_2026_Iran_war#1_June,2026-07-17T02:45:35,0,
wt_0356,wikipedia_timeline,6/2/2026,2-Jun,,li,"US forces attacked the tanker M/T Lexie while it was en route to Kharg Island, after it ignored orders to stay away from Iran. The ship was hit by a missile, intended to disable it.",https://en.wikipedia.org/wiki/Timeline_of_the_2026_Iran_war#2_June,2026-07-17T02:45:35,0,
wt_0357,wikipedia_timeline,6/3/2026,3-Jun,,li,"Kuwait International Airport was hit by an Iranian drone, killing one and injuring 63.",https://en.wikipedia.org/wiki/Timeline_of_the_2026_Iran_war#3_June,2026-07-17T02:45:35,0,
wt_0359,wikipedia_timeline,6/9/2026,9-Jun,,li,"A US Army AH-64 Apache attack helicopter crashed off the coast of Oman after a collision with an Iranian Shahed drone . Trump blamed Iran and pledged retaliation; Iran denied the collision was intentional. The crew was rescued by a Saronic Technologies sea drone , reportedly the first US Navy search-and-rescue operation with a sea drone. CENTCOM said the incident was under investigation.",https://en.wikipedia.org/wiki/Timeline_of_the_2026_Iran_war#9_June,2026-07-17T02:45:35,0,
wt_0360,wikipedia_timeline,6/9/2026,9-Jun,,li,CENTCOM subsequently said that it launched retaliatory strikes against Iran.,https://en.wikipedia.org/wiki/Timeline_of_the_2026_Iran_war#9_June,2026-07-17T02:45:35,0,
wt_0361,wikipedia_timeline,6/10/2026,10-Jun,,li,"Iran said that it launched strikes aimed at US Fifth Fleet , Ali Al Salem airbase and launched missiles towards American base in Jordan housing F-35s in retaliation to the US strikes.",https://en.wikipedia.org/wiki/Timeline_of_the_2026_Iran_war#10_June,2026-07-17T02:45:35,0,
wt_0362,wikipedia_timeline,6/10/2026,10-Jun,,li,"President Trump pledged to attack Iran ""very hard"", citing inadequate progress in war-ending negotiations. US ‌defense secretary Pete Hegseth said that ⁠the United States will strike Iran hard on ‌10 June and bomb ""key facilities."" The US military later launched strikes on multiple Iranian targets, firing 49 Tomahawk missiles during the process.",https://en.wikipedia.org/wiki/Timeline_of_the_2026_Iran_war#10_June,2026-07-17T02:45:35,0,
wt_0363,wikipedia_timeline,6/10/2026,10-Jun,,li,US forces attacked the tanker M/T Settebello (IMO 9162916) killing three Indian crew members. The US stated the crew had failed to comply with orders from American forces.,https://en.wikipedia.org/wiki/Timeline_of_the_2026_Iran_war#10_June,2026-07-17T02:45:35,0,
wt_0367,wikipedia_timeline,6/14/2026,14-Jun,,li,"Israel attacked the Dahiyeh district in Beirut, allegedly responding to a drone attack on targets in Israel earlier.",https://en.wikipedia.org/wiki/Timeline_of_the_2026_Iran_war#14_June,2026-07-17T02:45:35,0,
wt_0372,wikipedia_timeline,6/28/2026,28-Jun,,li,Iran said it fired ballistic missiles and drones towards the US Ali Al Salem Air Base in Kuwait and the US Fifth Fleet headquarters in Bahrain in retaliation to American attacks against five Iranian coastal sites.,https://en.wikipedia.org/wiki/Timeline_of_the_2026_Iran_war#28_June,2026-07-17T02:45:35,0,
wt_0373,wikipedia_timeline,6/28/2026,28-Jun,,li,The U.S. and Iran later agreed to stop exchange of attacks between them.,https://en.wikipedia.org/wiki/Timeline_of_the_2026_Iran_war#28_June,2026-07-17T02:45:35,0,
